# OBJ generated by ONSHAPE BY PTC INC, 1.215 Units = meters
mtllib Part Studio 1.mtl
g Part 7
v -0.126749 0.307032 0.078 
v -0.126749 0.307032 0 
v -0.0637298 0.347712 0 
v -0.0637298 0.347712 0.078 
v -0.0637298 0.385101 0 
v -0.0637298 0.385101 0.078 
v -0.0990017 0.414024 0 
v -0.0990017 0.414024 0.078 
v -0.113906 0.399083 0 
v -0.113906 0.399083 0.078 
v -0.114497 0.400059 0.078 
v -0.114497 0.400059 0 
v -0.114981 0.401093 0.078 
v -0.114981 0.401093 0 
v -0.115353 0.402172 0.078 
v -0.115353 0.402172 0 
v -0.115609 0.403284 0.078 
v -0.115609 0.403284 0 
v -0.115744 0.404417 0.078 
v -0.115744 0.404417 0 
v -0.115759 0.405559 0.078 
v -0.115759 0.405559 0 
v -0.115653 0.406695 0.078 
v -0.115653 0.406695 0 
v -0.115427 0.407814 0.078 
v -0.115427 0.407814 0 
v -0.115083 0.408902 0.078 
v -0.115083 0.408902 0 
v -0.114626 0.409948 0.078 
v -0.114626 0.409948 0 
v -0.11406 0.410939 0.078 
v -0.11406 0.410939 0 
v -0.113392 0.411865 0.078 
v -0.113392 0.411865 0 
v -0.11263 0.412715 0.078 
v -0.11263 0.412715 0 
v -0.111783 0.413479 0.078 
v -0.111783 0.413479 0 
v -0.110858 0.414148 0.078 
v -0.110858 0.414148 0 
v -0.109869 0.414716 0.078 
v -0.109869 0.414716 0 
v -0.108824 0.415176 0.078 
v -0.108824 0.415176 0 
v -0.107736 0.415523 0.078 
v -0.107736 0.415523 0 
v -0.106618 0.415752 0.078 
v -0.106618 0.415752 0 
v -0.105482 0.415861 0.078 
v -0.105482 0.415861 0 
v -0.104341 0.415849 0.078 
v -0.104341 0.415849 0 
v -0.103207 0.415716 0.078 
v -0.103207 0.415716 0 
v -0.102094 0.415463 0.078 
v -0.102094 0.415463 0 
v -0.101014 0.415094 0.078 
v -0.101014 0.415094 0 
v -0.0999795 0.414612 0.078 
v -0.0999795 0.414612 0 
v -0.0938285 0.369581 0 
v -0.0938285 0.369581 0.078 
v -0.12769 0.346537 0 
v -0.12769 0.346537 0.078 
v -0.13592 0.35653 0 
v -0.13592 0.35653 0.078 
v -0.136816 0.357107 0 
v -0.136352 0.356842 0 
v -0.139403 0.357622 0 
v -0.138869 0.357631 0 
v -0.137305 0.35732 0 
v -0.138338 0.357584 0 
v -0.137815 0.357479 0 
v -0.139932 0.357555 0 
v -0.143582 0.354721 0 
v -0.143334 0.355194 0 
v -0.140452 0.357433 0 
v -0.143777 0.354225 0 
v -0.139514 0.306844 0 
v -0.135365 0.30505 0 
v -0.136468 0.305331 0 
v -0.141436 0.357025 0 
v -0.140955 0.357255 0 
v -0.142312 0.356417 0 
v -0.14189 0.356745 0 
v -0.143038 0.355638 0 
v -0.142696 0.356047 0 
v -0.143918 0.35371 0 
v -0.141216 0.308351 0 
v -0.141937 0.309231 0 
v -0.140405 0.307553 0 
v -0.137535 0.305727 0 
v -0.12975 0.30543 0 
v -0.130844 0.305116 0 
v -0.144004 0.353183 0 
v -0.142562 0.310183 0 
v -0.138554 0.306233 0 
v -0.131965 0.30492 0 
v -0.144032 0.35265 0 
v -0.133101 0.304843 0 
v -0.143792 0.313354 0 
v -0.143972 0.314478 0 
v -0.143084 0.311194 0 
v -0.143495 0.312256 0 
v -0.134238 0.304887 0 
v -0.128695 0.305857 0 
v -0.127691 0.306393 0 
v -0.144032 0.315615 0 
v -0.138338 0.357584 0.078 
v -0.138869 0.357631 0.078 
v -0.136352 0.356842 0.078 
v -0.139403 0.357622 0.078 
v -0.137305 0.35732 0.078 
v -0.137815 0.357479 0.078 
v -0.136816 0.357107 0.078 
v -0.139514 0.306844 0.078 
v -0.137535 0.305727 0.078 
v -0.136468 0.305331 0.078 
v -0.143038 0.355638 0.078 
v -0.143334 0.355194 0.078 
v -0.139932 0.357555 0.078 
v -0.138554 0.306233 0.078 
v -0.135365 0.30505 0.078 
v -0.141216 0.308351 0.078 
v -0.140405 0.307553 0.078 
v -0.142562 0.310183 0.078 
v -0.141937 0.309231 0.078 
v -0.143582 0.354721 0.078 
v -0.142312 0.356417 0.078 
v -0.142696 0.356047 0.078 
v -0.141436 0.357025 0.078 
v -0.14189 0.356745 0.078 
v -0.140452 0.357433 0.078 
v -0.140955 0.357255 0.078 
v -0.143084 0.311194 0.078 
v -0.143918 0.35371 0.078 
v -0.144004 0.353183 0.078 
v -0.143777 0.354225 0.078 
v -0.131965 0.30492 0.078 
v -0.130844 0.305116 0.078 
v -0.134238 0.304887 0.078 
v -0.133101 0.304843 0.078 
v -0.143792 0.313354 0.078 
v -0.143495 0.312256 0.078 
v -0.144032 0.315615 0.078 
v -0.143972 0.314478 0.078 
v -0.144032 0.35265 0.078 
v -0.128695 0.305857 0.078 
v -0.127691 0.306393 0.078 
v -0.12975 0.30543 0.078 
vn 0.542341 -0.840158 0 
vn 1 0 0 
vn 0.63408 0.773268 0 
vn -0.826713 -0.562624 0 
vn -0.881735 -0.471746 0 
vn -0.926805 -0.375543 0 
vn -0.961415 -0.275102 0 
vn -0.985174 -0.171556 0 
vn -0.997815 -0.0660732 0 
vn -0.999193 0.0401549 0 
vn -0.989295 0.14593 0 
vn -0.968231 0.250058 0 
vn -0.936239 0.351363 0 
vn -0.893681 0.448703 0 
vn -0.841036 0.540979 0 
vn -0.778899 0.627149 0 
vn -0.707971 0.706241 0 
vn -0.629053 0.777363 0 
vn -0.543035 0.83971 0 
vn -0.450888 0.89258 0 
vn -0.353652 0.935377 0 
vn -0.252425 0.967616 0 
vn -0.148349 0.988935 0 
vn -0.042599 0.999092 0 
vn 0.0636322 0.997973 0 
vn 0.169145 0.985591 0 
vn 0.272749 0.962085 0 
vn 0.373275 0.927721 0 
vn 0.469587 0.882886 0 
vn 0.5606 0.828087 0 
vn -0.826713 -0.562624 0 
vn -0.562624 0.826713 0 
vn 0.771931 0.635707 0 
vn 0 0 -1 
vn 0 0 1 
vn -1 0 0 
vn -0.994269 0.106909 0 
vn -0.977141 0.212592 0 
vn -0.948813 0.315839 0 
vn -0.909609 0.415465 0 
vn -0.859979 0.510329 0 
vn -0.800492 0.599344 0 
vn -0.731829 0.681489 0 
vn -0.654777 0.755822 0 
vn -0.570221 0.821491 0 
vn -0.479128 0.877745 0 
vn -0.382543 0.923938 0 
vn -0.281574 0.95954 0 
vn -0.177377 0.984143 0 
vn -0.0711468 0.997466 0 
vn 0.0358988 0.999355 0 
vn 0.142533 0.98979 0 
vn 0.247533 0.968879 0 
vn 0.349696 0.936863 0 
vn 0.447851 0.894108 0 
vn 0.540873 0.841105 0 
vn 0.627694 0.77846 0 
vn -1 0 0 
vn 0.604351 -0.796718 0 
vn 0.51692 -0.856034 0 
vn 0.423718 -0.905794 0 
vn 0.325787 -0.945443 0 
vn 0.224219 -0.974539 0 
vn 0.120149 -0.992756 0 
vn 0.014737 -0.999891 0 
vn -0.0908393 -0.995866 0 
vn -0.195402 -0.980723 0 
vn -0.297783 -0.954634 0 
vn -0.39684 -0.917888 0 
vn -0.491467 -0.870896 0 
vn -0.580609 -0.814183 0 
vn -0.663269 -0.748381 0 
vn -0.738525 -0.674226 0 
vn -0.805538 -0.592544 0 
vn -0.863559 -0.504248 0 
vn -0.91194 -0.410324 0 
vn -0.950142 -0.311819 0 
vn -0.977737 -0.209833 0 
vn -0.994419 -0.105506 0 
vn -1 -2.44929e-16 0 
usemtl 0.980392_0.713725_0.003922_0.000000_0.000000
o mesh0
f 1//1 2//1 3//1 
f 3//1 4//1 1//1 
o mesh1
f 4//2 3//2 5//2 
f 5//2 6//2 4//2 
o mesh2
f 5//3 7//3 8//3 
f 8//3 6//3 5//3 
o mesh3
f 9//4 10//4 11//5 
f 12//5 11//5 13//6 
f 14//6 13//6 15//7 
f 16//7 15//7 17//8 
f 18//8 17//8 19//9 
f 20//9 19//9 21//10 
f 22//10 21//10 23//11 
f 24//11 23//11 25//12 
f 26//12 25//12 27//13 
f 28//13 27//13 29//14 
f 30//14 29//14 31//15 
f 32//15 31//15 33//16 
f 34//16 33//16 35//17 
f 36//17 35//17 37//18 
f 38//18 37//18 39//19 
f 40//19 39//19 41//20 
f 42//20 41//20 43//21 
f 44//21 43//21 45//22 
f 46//22 45//22 47//23 
f 48//23 47//23 49//24 
f 50//24 49//24 51//25 
f 52//25 51//25 53//26 
f 54//26 53//26 55//27 
f 56//27 55//27 57//28 
f 58//28 57//28 59//29 
f 60//29 59//29 8//30 
f 8//30 7//30 60//29 
f 59//29 60//29 58//28 
f 57//28 58//28 56//27 
f 55//27 56//27 54//26 
f 53//26 54//26 52//25 
f 51//25 52//25 50//24 
f 49//24 50//24 48//23 
f 47//23 48//23 46//22 
f 45//22 46//22 44//21 
f 43//21 44//21 42//20 
f 41//20 42//20 40//19 
f 39//19 40//19 38//18 
f 37//18 38//18 36//17 
f 35//17 36//17 34//16 
f 33//16 34//16 32//15 
f 31//15 32//15 30//14 
f 29//14 30//14 28//13 
f 27//13 28//13 26//12 
f 25//12 26//12 24//11 
f 23//11 24//11 22//10 
f 21//10 22//10 20//9 
f 19//9 20//9 18//8 
f 17//8 18//8 16//7 
f 15//7 16//7 14//6 
f 13//6 14//6 12//5 
f 11//5 12//5 9//4 
o mesh4
f 10//31 9//31 61//31 
f 61//31 62//31 10//31 
o mesh5
f 62//32 61//32 63//32 
f 63//32 64//32 62//32 
o mesh6
f 63//33 65//33 66//33 
f 66//33 64//33 63//33 
o mesh7
f 63//34 67//34 68//34 
f 63//34 69//34 70//34 
f 44//34 38//34 40//34 
f 63//34 71//34 67//34 
f 63//34 72//34 73//34 
f 63//34 74//34 69//34 
f 63//34 75//34 76//34 
f 38//34 50//34 52//34 
f 40//34 42//34 44//34 
f 73//34 71//34 63//34 
f 63//34 77//34 74//34 
f 63//34 78//34 75//34 
f 79//34 80//34 81//34 
f 38//34 48//34 50//34 
f 44//34 46//34 38//34 
f 7//34 20//34 22//34 
f 7//34 14//34 16//34 
f 70//34 72//34 63//34 
f 63//34 82//34 83//34 
f 63//34 84//34 85//34 
f 63//34 86//34 87//34 
f 63//34 88//34 78//34 
f 80//34 89//34 90//34 
f 80//34 79//34 91//34 
f 81//34 92//34 79//34 
f 38//34 54//34 56//34 
f 46//34 48//34 38//34 
f 58//34 32//34 34//34 
f 7//34 28//34 30//34 
f 22//34 24//34 7//34 
f 16//34 18//34 7//34 
f 63//34 93//34 94//34 
f 83//34 77//34 63//34 
f 87//34 84//34 63//34 
f 63//34 95//34 88//34 
f 90//34 96//34 80//34 
f 92//34 97//34 79//34 
f 52//34 54//34 38//34 
f 34//34 36//34 58//34 
f 7//34 26//34 28//34 
f 18//34 20//34 7//34 
f 94//34 98//34 63//34 
f 85//34 82//34 63//34 
f 63//34 99//34 95//34 
f 100//34 101//34 102//34 
f 100//34 103//34 104//34 
f 91//34 89//34 80//34 
f 103//34 100//34 105//34 
f 32//34 58//34 60//34 
f 36//34 38//34 58//34 
f 24//34 26//34 7//34 
f 7//34 9//34 12//34 
f 63//34 106//34 93//34 
f 63//34 2//34 107//34 
f 76//34 86//34 63//34 
f 63//34 100//34 108//34 
f 104//34 101//34 100//34 
f 105//34 80//34 103//34 
f 56//34 58//34 38//34 
f 12//34 14//34 7//34 
f 5//34 61//34 9//34 
f 107//34 106//34 63//34 
f 3//34 2//34 63//34 
f 108//34 99//34 63//34 
f 96//34 103//34 80//34 
f 30//34 32//34 7//34 
f 5//34 3//34 61//34 
f 63//34 61//34 3//34 
f 102//34 108//34 100//34 
f 9//34 7//34 5//34 
f 68//34 65//34 63//34 
f 98//34 100//34 63//34 
f 60//34 7//34 32//34 
o mesh8
f 64//35 109//35 110//35 
f 64//35 66//35 111//35 
f 43//35 41//35 39//35 
f 110//35 112//35 64//35 
f 64//35 113//35 114//35 
f 111//35 115//35 64//35 
f 37//35 45//35 43//35 
f 37//35 53//35 51//35 
f 116//35 117//35 118//35 
f 64//35 119//35 120//35 
f 112//35 121//35 64//35 
f 115//35 113//35 64//35 
f 8//35 17//35 15//35 
f 8//35 23//35 21//35 
f 37//35 47//35 45//35 
f 51//35 49//35 37//35 
f 116//35 122//35 117//35 
f 123//35 124//35 125//35 
f 123//35 126//35 127//35 
f 120//35 128//35 64//35 
f 64//35 129//35 130//35 
f 64//35 131//35 132//35 
f 64//35 133//35 134//35 
f 114//35 109//35 64//35 
f 8//35 19//35 17//35 
f 8//35 25//35 23//35 
f 8//35 31//35 29//35 
f 57//35 35//35 33//35 
f 49//35 47//35 37//35 
f 37//35 57//35 55//35 
f 125//35 116//35 123//35 
f 123//35 135//35 126//35 
f 64//35 136//35 137//35 
f 128//35 138//35 64//35 
f 132//35 129//35 64//35 
f 121//35 133//35 64//35 
f 64//35 139//35 140//35 
f 21//35 19//35 8//35 
f 29//35 27//35 8//35 
f 57//35 37//35 35//35 
f 55//35 53//35 37//35 
f 135//35 123//35 141//35 
f 127//35 124//35 123//35 
f 142//35 143//35 144//35 
f 142//35 145//35 146//35 
f 138//35 136//35 64//35 
f 134//35 131//35 64//35 
f 64//35 142//35 139//35 
f 27//35 25//35 8//35 
f 39//35 37//35 43//35 
f 31//35 8//35 59//35 
f 118//35 123//35 116//35 
f 146//35 143//35 142//35 
f 64//35 147//35 145//35 
f 130//35 119//35 64//35 
f 64//35 148//35 149//35 
f 140//35 150//35 64//35 
f 15//35 13//35 8//35 
f 59//35 57//35 31//35 
f 144//35 135//35 142//35 
f 137//35 147//35 64//35 
f 4//35 62//35 64//35 
f 150//35 148//35 64//35 
f 6//35 8//35 10//35 
f 33//35 31//35 57//35 
f 145//35 142//35 64//35 
f 149//35 1//35 64//35 
f 10//35 62//35 6//35 
f 13//35 11//35 8//35 
f 64//35 1//35 4//35 
f 11//35 10//35 8//35 
f 62//35 4//35 6//35 
f 141//35 142//35 135//35 
o mesh9
f 99//36 147//36 137//37 
f 95//37 137//37 136//38 
f 88//38 136//38 138//39 
f 78//39 138//39 128//40 
f 75//40 128//40 120//41 
f 76//41 120//41 119//42 
f 86//42 119//42 130//43 
f 87//43 130//43 129//44 
f 84//44 129//44 132//45 
f 85//45 132//45 131//46 
f 82//46 131//46 134//47 
f 83//47 134//47 133//48 
f 77//48 133//48 121//49 
f 74//49 121//49 112//50 
f 69//50 112//50 110//51 
f 70//51 110//51 109//52 
f 72//52 109//52 114//53 
f 73//53 114//53 113//54 
f 71//54 113//54 115//55 
f 67//55 115//55 111//56 
f 68//56 111//56 66//57 
f 66//57 65//57 68//56 
f 111//56 68//56 67//55 
f 115//55 67//55 71//54 
f 113//54 71//54 73//53 
f 114//53 73//53 72//52 
f 109//52 72//52 70//51 
f 110//51 70//51 69//50 
f 112//50 69//50 74//49 
f 121//49 74//49 77//48 
f 133//48 77//48 83//47 
f 134//47 83//47 82//46 
f 131//46 82//46 85//45 
f 132//45 85//45 84//44 
f 129//44 84//44 87//43 
f 130//43 87//43 86//42 
f 119//42 86//42 76//41 
f 120//41 76//41 75//40 
f 128//40 75//40 78//39 
f 138//39 78//39 88//38 
f 136//38 88//38 95//37 
f 137//37 95//37 99//36 
o mesh10
f 147//58 99//58 108//58 
f 108//58 145//58 147//58 
o mesh11
f 2//59 1//59 149//60 
f 107//60 149//60 148//61 
f 106//61 148//61 150//62 
f 93//62 150//62 140//63 
f 94//63 140//63 139//64 
f 98//64 139//64 142//65 
f 100//65 142//65 141//66 
f 105//66 141//66 123//67 
f 80//67 123//67 118//68 
f 81//68 118//68 117//69 
f 92//69 117//69 122//70 
f 97//70 122//70 116//71 
f 79//71 116//71 125//72 
f 91//72 125//72 124//73 
f 89//73 124//73 127//74 
f 90//74 127//74 126//75 
f 96//75 126//75 135//76 
f 103//76 135//76 144//77 
f 104//77 144//77 143//78 
f 101//78 143//78 146//79 
f 102//79 146//79 145//80 
f 145//80 108//80 102//79 
f 146//79 102//79 101//78 
f 143//78 101//78 104//77 
f 144//77 104//77 103//76 
f 135//76 103//76 96//75 
f 126//75 96//75 90//74 
f 127//74 90//74 89//73 
f 124//73 89//73 91//72 
f 125//72 91//72 79//71 
f 116//71 79//71 97//70 
f 122//70 97//70 92//69 
f 117//69 92//69 81//68 
f 118//68 81//68 80//67 
f 123//67 80//67 105//66 
f 141//66 105//66 100//65 
f 142//65 100//65 98//64 
f 139//64 98//64 94//63 
f 140//63 94//63 93//62 
f 150//62 93//62 106//61 
f 148//61 106//61 107//60 
f 149//60 107//60 2//59 
g Part 1
v 0.252907 -0.497986 0.078 
v 0.252907 -0.497986 0 
v 0.252907 -0.459626 0 
v 0.252907 -0.459626 0.078 
v 0.265166 -0.459626 0 
v 0.265166 -0.459626 0.078 
v 0.265166 -0.497986 0 
v 0.265166 -0.497986 0.078 
v 0.247182 0.188457 0 
v 0.195948 -0.119271 0 
v 0.214952 0.114234 0 
v 0.243117 0.233175 0 
v 0.245372 0.21836 0 
v 0.222424 0.216637 0 
v 0.246729 0.203435 0 
v 0.224029 0.201948 0 
v 0.210374 0.100186 0 
v 0.104394 0.398271 0 
v 0.0920815 0.407445 0 
v 0.100878 0.414648 0 
v 0.116161 0.388408 0 
v 0.114354 0.408093 0 
v 0.138883 0.368657 0 
v 0.127344 0.377886 0 
v 0.139996 0.392603 0 
v 0.127409 0.400736 0 
v 0.239971 0.247826 0 
v 0.219932 0.231201 0 
v 0.218673 0.128534 0 
v 0.203254 0.329378 0 
v 0.187112 0.313048 0 
v 0.17885 0.325299 0 
v 0.211392 0.316795 0 
v 0.194617 0.30032 0 
v 0.218756 0.303744 0 
v 0.201338 0.287161 0 
v 0.235945 0.262261 0 
v 0.216564 0.245588 0 
v 0.223486 0.157678 0 
v 0.224561 0.172415 0 
v 0.22152 0.143033 0 
v 0.164438 -0.10093 0 
v 0.164438 -0.00782913 0 
v 0.152069 0.383725 0 
v 0.149842 0.358746 0 
v 0.225319 0.290271 0 
v 0.231055 0.276427 0 
v 0.20725 0.27362 0 
v 0.212332 0.259745 0 
v 0.204953 0.0864398 0 
v -0.323658 0.534571 0 
v 0.321379 0.534571 0 
v -0.198172 0.493392 0 
v -0.167689 0.482585 0 
v -0.174831 0.486498 0 
v -0.154859 0.472589 0 
v -0.161006 0.477931 0 
v -0.140299 0.453086 0 
v -0.144446 0.460095 0 
v 0.144025 0.430807 0 
v 0.129925 0.438732 0 
v 0.170752 0.412605 0 
v 0.157649 0.422088 0 
v 0.273826 0.2526 0 
v 0.269706 0.268242 0 
v 0.27935 0.22074 0 
v 0.277044 0.236749 0 
v 0.163584 0.374135 0 
v 0.174499 0.363866 0 
v 0.160181 0.34819 0 
v 0.184773 0.352957 0 
v 0.169862 0.337027 0 
v 0.19437 0.341447 0 
v 0.224742 0.18719 0 
v -0.222497 0.492565 0 
v -0.230391 0.490565 0 
v -0.206295 0.493987 0 
v -0.149317 0.466621 0 
v -0.0265486 0.470014 0 
v -0.0426118 0.468119 0 
v 0.0379965 0.468359 0 
v 0.0219222 0.470159 0 
v 0.115395 0.445838 0 
v 0.100482 0.452101 0 
v 0.321379 -0.550516 0 
v 0.2812 -0.452833 0 
v 0.2812 0.188457 0 
v -0.248461 0.0502643 0 
v -0.202586 -0.211301 0 
v -0.206053 -0.211847 0 
v -0.195914 -0.209143 0 
v -0.199194 -0.210396 0 
v -0.189834 -0.205651 0 
v -0.192783 -0.207556 0 
v -0.184608 -0.200977 0 
v -0.187099 -0.20345 0 
v -0.177579 -0.0973553 0 
v -0.177579 -0.188931 0 
v -0.238027 0.487734 0 
v -0.214434 0.49371 0 
v -0.18235 0.489627 0 
v -0.19016 0.491933 0 
v -0.0585404 0.465308 0 
v -0.0742821 0.46159 0 
v 0.00577136 0.471036 0 
v -0.0104032 0.470987 0 
v 0.0539416 0.465644 0 
v 0.195224 0.391469 0 
v 0.18329 0.402387 0 
v 0.217123 0.367676 0 
v 0.206514 0.379886 0 
v 0.244527 0.327696 0 
v 0.23616 0.341539 0 
v 0.280737 0.204625 0 
v -0.180464 -0.195321 0 
v -0.182388 -0.198257 0 
v -0.178855 -0.192201 0 
v 0.0852357 0.457501 0 
v 0.0697052 0.46202 0 
v 0.227016 0.35488 0 
v 0.252089 0.313398 0 
v 0.264699 0.283622 0 
v 0.25882 0.29869 0 
v 0.234402 -0.128677 0 
v 0.207705 -0.128677 0 
v -0.245316 0.484102 0 
v -0.252176 0.479712 0 
v -0.136925 0.445673 0 
v -0.105 0.451488 0 
v -0.119875 0.445136 0 
v 0.195948 -0.199221 0 
v 0.234402 -0.452833 0 
v 0.247182 -0.452833 0 
v -0.0897854 0.456979 0 
v -0.250238 0.354728 0 
v -0.243246 0.350553 0 
v -0.264056 0.284598 0 
v -0.209559 -0.21203 0 
v -0.27954 0.1831 0 
v -0.283319 0.408589 0 
v -0.280362 0.440796 0 
v -0.282393 0.43291 0 
v -0.273838 0.455695 0 
v -0.277499 0.448421 0 
v -0.264297 0.468868 0 
v -0.269421 0.462537 0 
v -0.258527 0.474615 0 
v -0.26893 0.268117 0 
v -0.256744 0.359627 0 
v -0.272899 0.251396 0 
v -0.247639 -0.21203 0 
v -0.255476 0.065954 0 
v -0.278866 0.165927 0 
v -0.277258 0.148816 0 
v -0.281892 0.400571 0 
v 0.128757 -0.520516 0 
v 0.19703 -0.452833 0 
v -0.134362 0.437943 0 
v -0.252586 -0.214164 0 
v -0.257293 -0.216786 0 
v -0.275953 0.234483 0 
v -0.26269 0.365192 0 
v -0.261626 0.0820022 0 
v -0.271263 0.114983 0 
v -0.266894 0.0983613 0 
v -0.274721 0.131818 0 
v 0.128757 -0.47755 0 
v 0.19703 -0.431083 0 
v -0.283571 0.424852 0 
v -0.275641 -0.236131 0 
v -0.27801 -0.24097 0 
v -0.26171 -0.21987 0 
v -0.265794 -0.223384 0 
v -0.251657 0.316643 0 
v -0.258293 0.300789 0 
v -0.235847 0.34715 0 
v -0.244167 0.332111 0 
v -0.278081 0.217429 0 
v -0.268007 0.371361 0 
v -0.276519 0.38522 0 
v -0.272634 0.378062 0 
v -0.279278 0.200284 0 
v -0.323658 -0.550516 0 
v -0.132586 -0.520516 0 
v -0.279879 -0.246023 0 
v -0.269501 -0.227293 0 
v -0.272795 -0.231557 0 
v -0.279617 0.392752 0 
v -0.282314 -0.452801 0 
v -0.247797 -0.452801 0 
v -0.282042 -0.256565 0 
v -0.282314 -0.261946 0 
v -0.281227 -0.251239 0 
v -0.28388 0.416714 0 
v -0.247797 -0.393001 0 
v -0.132586 -0.476333 0 
v 0.207705 -0.199221 0 
v -0.132586 -0.520516 0.078 
v -0.132586 -0.476333 0.078 
v -0.247797 -0.393001 0.078 
v -0.247797 -0.452801 0.078 
v -0.282314 -0.452801 0.078 
v -0.282314 -0.261946 0.078 
v -0.247639 -0.21203 0.078 
v -0.252586 -0.214164 0.078 
v -0.257293 -0.216786 0.078 
v -0.26171 -0.21987 0.078 
v -0.265794 -0.223384 0.078 
v -0.269501 -0.227293 0.078 
v -0.272795 -0.231557 0.078 
v -0.275641 -0.236131 0.078 
v -0.27801 -0.24097 0.078 
v -0.279879 -0.246023 0.078 
v -0.281227 -0.251239 0.078 
v -0.282042 -0.256565 0.078 
v -0.209559 -0.21203 0.078 
v -0.177579 -0.188931 0.078 
v -0.178855 -0.192201 0.078 
v -0.180464 -0.195321 0.078 
v -0.182388 -0.198257 0.078 
v -0.184608 -0.200977 0.078 
v -0.187099 -0.20345 0.078 
v -0.189834 -0.205651 0.078 
v -0.192783 -0.207556 0.078 
v -0.195914 -0.209143 0.078 
v -0.199194 -0.210396 0.078 
v -0.202586 -0.211301 0.078 
v -0.206053 -0.211847 0.078 
v -0.177579 -0.0973553 0.078 
v -0.248461 0.0502643 0.078 
v -0.235847 0.34715 0.078 
v -0.244167 0.332111 0.078 
v -0.251657 0.316643 0.078 
v -0.258293 0.300789 0.078 
v -0.264056 0.284598 0.078 
v -0.26893 0.268117 0.078 
v -0.272899 0.251396 0.078 
v -0.275953 0.234483 0.078 
v -0.278081 0.217429 0.078 
v -0.279143 0.202209 0.078 
v -0.279278 0.200284 0.078 
v -0.27954 0.1831 0.078 
v -0.278866 0.165927 0.078 
v -0.277258 0.148816 0.078 
v -0.274721 0.131818 0.078 
v -0.271263 0.114983 0.078 
v -0.266894 0.0983613 0.078 
v -0.261626 0.0820022 0.078 
v -0.255476 0.065954 0.078 
v -0.134362 0.437943 0.078 
v -0.136925 0.445673 0.078 
v -0.140299 0.453086 0.078 
v -0.144446 0.460095 0.078 
v -0.149317 0.466621 0.078 
v -0.154859 0.472589 0.078 
v -0.161006 0.477931 0.078 
v -0.167689 0.482585 0.078 
v -0.174831 0.486498 0.078 
v -0.18235 0.489627 0.078 
v -0.19016 0.491933 0.078 
v -0.198172 0.493392 0.078 
v -0.206295 0.493987 0.078 
v -0.214434 0.49371 0.078 
v -0.222497 0.492565 0.078 
v -0.230391 0.490565 0.078 
v -0.238027 0.487734 0.078 
v -0.245316 0.484102 0.078 
v -0.252176 0.479712 0.078 
v -0.258527 0.474615 0.078 
v -0.264297 0.468868 0.078 
v -0.269421 0.462537 0.078 
v -0.273838 0.455695 0.078 
v -0.277499 0.448421 0.078 
v -0.280362 0.440796 0.078 
v -0.282393 0.43291 0.078 
v -0.283571 0.424852 0.078 
v -0.28388 0.416714 0.078 
v -0.283319 0.408589 0.078 
v -0.281892 0.400571 0.078 
v -0.279617 0.392752 0.078 
v -0.276519 0.38522 0.078 
v -0.272634 0.378062 0.078 
v -0.268007 0.371361 0.078 
v -0.26269 0.365192 0.078 
v -0.256744 0.359627 0.078 
v -0.250238 0.354728 0.078 
v -0.243246 0.350553 0.078 
v 0.2812 0.188457 0.078 
v 0.280806 0.202209 0.078 
v 0.280737 0.204625 0.078 
v 0.27935 0.22074 0.078 
v 0.277044 0.236749 0.078 
v 0.273826 0.2526 0.078 
v 0.269706 0.268242 0.078 
v 0.264699 0.283622 0.078 
v 0.25882 0.29869 0.078 
v 0.252089 0.313398 0.078 
v 0.244527 0.327696 0.078 
v 0.23616 0.341539 0.078 
v 0.227016 0.35488 0.078 
v 0.217123 0.367676 0.078 
v 0.206514 0.379886 0.078 
v 0.195224 0.391469 0.078 
v 0.18329 0.402387 0.078 
v 0.173234 0.410582 0.078 
v 0.170752 0.412605 0.078 
v 0.157649 0.422088 0.078 
v 0.144025 0.430807 0.078 
v 0.129925 0.438732 0.078 
v 0.115395 0.445838 0.078 
v 0.100482 0.452101 0.078 
v 0.0852357 0.457501 0.078 
v 0.0697052 0.46202 0.078 
v 0.0539416 0.465644 0.078 
v 0.0379965 0.468359 0.078 
v 0.0219222 0.470159 0.078 
v 0.00577136 0.471036 0.078 
v -0.0104032 0.470987 0.078 
v -0.0265486 0.470014 0.078 
v -0.0426118 0.468119 0.078 
v -0.0585404 0.465308 0.078 
v -0.0742821 0.46159 0.078 
v -0.0897854 0.456979 0.078 
v -0.105 0.451488 0.078 
v -0.119875 0.445136 0.078 
v 0.2812 -0.452833 0.078 
v 0.247182 -0.452833 0.078 
v 0.247182 0.188457 0.078 
v 0.100878 0.414648 0.078 
v 0.114354 0.408093 0.078 
v 0.127409 0.400736 0.078 
v 0.139996 0.392603 0.078 
v 0.152069 0.383725 0.078 
v 0.163584 0.374135 0.078 
v 0.173234 0.365055 0.078 
v 0.174499 0.363866 0.078 
v 0.184773 0.352957 0.078 
v 0.19437 0.341447 0.078 
v 0.203254 0.329378 0.078 
v 0.211392 0.316795 0.078 
v 0.218756 0.303744 0.078 
v 0.225319 0.290271 0.078 
v 0.231055 0.276427 0.078 
v 0.235945 0.262261 0.078 
v 0.239971 0.247826 0.078 
v 0.243117 0.233175 0.078 
v 0.245372 0.21836 0.078 
v 0.246729 0.203435 0.078 
v 0.246766 0.202209 0.078 
v 0.164438 -0.00782913 0.078 
v 0.164438 -0.10093 0.078 
v 0.195948 -0.119271 0.078 
v 0.173234 -0.10605 0.078 
v 0.195948 -0.199221 0.078 
v 0.207705 -0.199221 0.078 
v 0.207705 -0.128677 0.078 
v 0.234402 -0.128677 0.078 
v 0.234402 -0.452833 0.078 
v 0.19703 -0.452833 0.078 
v 0.19703 -0.431083 0.078 
v 0.128757 -0.47755 0.078 
v 0.173234 -0.447279 0.078 
v 0.128757 -0.520516 0.078 
v 0.173234 0.0126373 0.078 
v 0.204953 0.0864398 0.078 
v 0.204953 0.0864398 0.075 
v 0.127344 0.377886 0.075 
v 0.116161 0.388408 0.075 
v 0.104394 0.398271 0.075 
v 0.0920815 0.407445 0.075 
v 0.0653638 0.385566 0.078 
v 0.0653638 0.385566 0.075 
v -0.323658 0.534571 0.12 
v -0.323658 -0.550516 0.12 
v 0.321379 -0.550516 0.12 
v 0.321379 0.534571 0.12 
v -0.293658 -0.520516 0.12 
v 0.291379 -0.520516 0.12 
v 0.173234 -0.520516 0.078 
v 0.291379 -0.520516 0.078 
v -0.293658 -0.520516 0.078 
v 0.291379 0.504571 0.12 
v -0.293658 0.504571 0.12 
v 0.291379 0.202209 0.078 
v 0.291379 0.504571 0.078 
v -0.293658 0.504571 0.078 
v 0.173234 0.504571 0.078 
v -0.293658 0.202209 0.078 
v 0.106625 0.371126 0.075 
v 0.105576 0.369491 0.075 
v 0.107841 0.372641 0.075 
v 0.103532 0.364059 0.075 
v 0.103243 0.362138 0.075 
v 0.0958139 0.361863 0.075 
v 0.104705 0.367756 0.075 
v 0.104021 0.365938 0.075 
v 0.0861986 0.370435 0.075 
v 0.110713 0.375247 0.075 
v 0.109208 0.37402 0.075 
v 0.112339 0.376309 0.075 
v 0.115879 0.377894 0.075 
v 0.0760335 0.378348 0.075 
v 0.114067 0.377195 0.075 
v 0.119673 0.378702 0.075 
v 0.117755 0.378398 0.075 
v 0.103158 0.360198 0.075 
v 0.121612 0.378803 0.075 
v 0.123552 0.3787 0.075 
v 0.125469 0.378393 0.075 
v 0.103599 0.356345 0.075 
v 0.104121 0.354474 0.075 
v 0.103277 0.35826 0.075 
v 0.104837 0.352669 0.075 
v 0.127344 0.377886 0.078 
v 0.125469 0.378393 0.078 
v 0.123552 0.3787 0.078 
v 0.121612 0.378803 0.078 
v 0.119673 0.378702 0.078 
v 0.117755 0.378398 0.078 
v 0.115879 0.377894 0.078 
v 0.114067 0.377195 0.078 
v 0.112339 0.376309 0.078 
v 0.110713 0.375247 0.078 
v 0.109208 0.37402 0.078 
v 0.107841 0.372641 0.078 
v 0.106625 0.371126 0.078 
v 0.105576 0.369491 0.078 
v 0.104705 0.367756 0.078 
v 0.104021 0.365938 0.078 
v 0.103532 0.364059 0.078 
v 0.103243 0.362138 0.078 
v 0.103158 0.360198 0.078 
v 0.103277 0.35826 0.078 
v 0.103599 0.356345 0.078 
v 0.104121 0.354474 0.078 
v 0.104837 0.352669 0.078 
v 0.0653638 0.385566 0 
v 0.0760335 0.378348 0 
v 0.0861986 0.370435 0 
v 0.0958139 0.361863 0 
v 0.104837 0.352669 0 
v 0.0643748 0.347132 0 
v 0.0643748 0.347132 0.078 
v 0.0742509 0.340783 0 
v 0.0742509 0.340783 0.078 
v 0.0917707 0.352669 0 
v 0.0917707 0.352669 0.078 
v 0.118223 0.323852 0 
v 0.118223 0.323852 0.078 
v 0.107431 0.313945 0 
v 0.107431 0.313945 0.078 
v 0.136876 0.148471 0 
v 0.132039 0.137695 0 
v 0.132039 0.137695 0.078 
v 0.140894 0.159578 0 
v 0.136876 0.148471 0.078 
v 0.144071 0.170954 0 
v 0.140894 0.159578 0.078 
v 0.146391 0.182535 0 
v 0.144071 0.170954 0.078 
v 0.147838 0.194257 0 
v 0.146391 0.182535 0.078 
v 0.147838 0.194257 0.078 
v 0.148221 0.202209 0.078 
v 0.148407 0.206055 0 
v 0.148092 0.217862 0 
v 0.148407 0.206055 0.078 
v 0.146897 0.229613 0 
v 0.148092 0.217862 0.078 
v 0.144828 0.241241 0 
v 0.146897 0.229613 0.078 
v 0.141896 0.252683 0 
v 0.144828 0.241241 0.078 
v 0.138118 0.263874 0 
v 0.141896 0.252683 0.078 
v 0.133515 0.274751 0 
v 0.138118 0.263874 0.078 
v 0.128112 0.285254 0 
v 0.133515 0.274751 0.078 
v 0.121941 0.295325 0 
v 0.128112 0.285254 0.078 
v 0.115034 0.304906 0 
v 0.121941 0.295325 0.078 
v 0.115034 0.304906 0.078 
v 0.113191 0.0995788 0 
v 0.113191 0.0995788 0.078 
v 0.134336 0.0891222 0 
v 0.134336 0.0891222 0.078 
v 0.150568 0.304985 0 
v 0.163095 0.129941 0 
v 0.156246 0.120356 0 
v 0.133615 0.321319 0 
v 0.142424 0.313497 0 
v 0.157993 0.29584 0 
v 0.16465 0.286121 0 
v 0.170495 0.275892 0 
v 0.179598 0.254182 0 
v 0.182796 0.242844 0 
v 0.169142 0.140051 0 
v 0.175488 0.265223 0 
v 0.174347 0.150619 0 
v 0.185061 0.231284 0 
v 0.178675 0.161575 0 
v 0.186742 0.207803 0 
v 0.186145 0.196038 0 
v 0.184594 0.18436 0 
v 0.182099 0.172847 0 
v 0.18638 0.219578 0 
v 0.156246 0.120356 0.075 
v 0.156246 0.120356 0.078 
v 0.133615 0.321319 0.078 
v 0.133615 0.321319 0.075 
v 0.136595 0.320698 0.075 
v 0.139625 0.320404 0.075 
v 0.136595 0.320698 0.078 
v 0.142669 0.320441 0.075 
v 0.139625 0.320404 0.078 
v 0.14569 0.320809 0.075 
v 0.142669 0.320441 0.078 
v 0.148654 0.321503 0.075 
v 0.14569 0.320809 0.078 
v 0.151525 0.322515 0.075 
v 0.148654 0.321503 0.078 
v 0.154269 0.323832 0.075 
v 0.151525 0.322515 0.078 
v 0.156853 0.32544 0.075 
v 0.154269 0.323832 0.078 
v 0.159247 0.32732 0.075 
v 0.156853 0.32544 0.078 
v 0.161424 0.329448 0.075 
v 0.159247 0.32732 0.078 
v 0.163355 0.3318 0.075 
v 0.161424 0.329448 0.078 
v 0.16502 0.334349 0.075 
v 0.163355 0.3318 0.078 
v 0.166398 0.337063 0.075 
v 0.16502 0.334349 0.078 
v 0.167473 0.33991 0.075 
v 0.166398 0.337063 0.078 
v 0.167473 0.33991 0.078 
v 0.161555 0.298138 0.075 
v 0.16408 0.304184 0.075 
v 0.157993 0.29584 0.075 
v 0.163027 0.302262 0.075 
v 0.161153 0.295983 0.075 
v 0.16836 0.309145 0.075 
v 0.162182 0.300239 0.075 
v 0.160979 0.293798 0.075 
v 0.173972 0.312529 0.075 
v 0.171986 0.311601 0.075 
v 0.178181 0.313735 0.075 
v 0.176044 0.313243 0.075 
v 0.170108 0.310469 0.075 
v 0.166762 0.307646 0.075 
v 0.161036 0.291606 0.075 
v 0.150568 0.304985 0.075 
v 0.169862 0.337027 0.075 
v 0.180357 0.313999 0.075 
v 0.16533 0.305986 0.075 
v 0.142424 0.313497 0.075 
v 0.17885 0.325299 0.075 
v 0.182549 0.314033 0.075 
v 0.186883 0.313411 0.075 
v 0.184732 0.313836 0.075 
v 0.186883 0.313411 0.078 
v 0.184732 0.313836 0.078 
v 0.182549 0.314033 0.078 
v 0.180357 0.313999 0.078 
v 0.178181 0.313735 0.078 
v 0.176044 0.313243 0.078 
v 0.173234 0.312184 0.078 
v 0.173972 0.312529 0.078 
v 0.171986 0.311601 0.078 
v 0.170108 0.310469 0.078 
v 0.16836 0.309145 0.078 
v 0.166762 0.307646 0.078 
v 0.16533 0.305986 0.078 
v 0.16408 0.304184 0.078 
v 0.163027 0.302262 0.078 
v 0.162182 0.300239 0.078 
v 0.161555 0.298138 0.078 
v 0.161153 0.295983 0.078 
v 0.160979 0.293798 0.078 
v 0.161036 0.291606 0.078 
v 0.206056 0.0894305 0.075 
v 0.206838 0.0925204 0.075 
v 0.206056 0.0894305 0.078 
v 0.207292 0.0956754 0.075 
v 0.206838 0.0925204 0.078 
v 0.207411 0.0988606 0.075 
v 0.207292 0.0956754 0.078 
v 0.207195 0.102041 0.075 
v 0.207411 0.0988606 0.078 
v 0.206646 0.105181 0.075 
v 0.207195 0.102041 0.078 
v 0.205771 0.108245 0.075 
v 0.206646 0.105181 0.078 
v 0.204578 0.111201 0.075 
v 0.205771 0.108245 0.078 
v 0.203081 0.114015 0.075 
v 0.204578 0.111201 0.078 
v 0.201297 0.116657 0.075 
v 0.203081 0.114015 0.078 
v 0.199245 0.119096 0.075 
v 0.201297 0.116657 0.078 
v 0.196948 0.121306 0.075 
v 0.199245 0.119096 0.078 
v 0.194432 0.123263 0.075 
v 0.196948 0.121306 0.078 
v 0.191724 0.124944 0.075 
v 0.194432 0.123263 0.078 
v 0.188854 0.126331 0.075 
v 0.191724 0.124944 0.078 
v 0.185854 0.12741 0.075 
v 0.188854 0.126331 0.078 
v 0.182758 0.128167 0.075 
v 0.185854 0.12741 0.078 
v 0.1796 0.128594 0.075 
v 0.182758 0.128167 0.078 
v 0.176414 0.128688 0.075 
v 0.1796 0.128594 0.078 
v 0.173235 0.128446 0.075 
v 0.176414 0.128688 0.078 
v 0.173235 0.128446 0.078 
v 0.173234 0.128446 0.078 
v 0.1701 0.127871 0.075 
v 0.167042 0.126971 0.075 
v 0.1701 0.127871 0.078 
v 0.164096 0.125754 0.075 
v 0.167042 0.126971 0.078 
v 0.161295 0.124234 0.075 
v 0.164096 0.125754 0.078 
v 0.158668 0.122428 0.075 
v 0.161295 0.124234 0.078 
v 0.158668 0.122428 0.078 
v 0.20684 0.138746 0.075 
v 0.209892 0.138876 0.075 
v 0.210374 0.100186 0.075 
v 0.203792 0.138943 0.075 
v 0.200783 0.139464 0.075 
v 0.185379 0.14882 0.075 
v 0.187478 0.146601 0.075 
v 0.212912 0.13933 0.075 
v 0.215867 0.140105 0.075 
v 0.218673 0.128534 0.075 
v 0.214952 0.114234 0.075 
v 0.192324 0.142896 0.075 
v 0.195015 0.141452 0.075 
v 0.189802 0.144619 0.075 
v 0.163095 0.129941 0.075 
v 0.197846 0.140304 0.075 
v 0.218722 0.141191 0.075 
v 0.169142 0.140051 0.075 
v 0.179669 0.159523 0.075 
v 0.180658 0.156633 0.075 
v 0.18195 0.153865 0.075 
v 0.18353 0.151251 0.075 
v 0.174347 0.150619 0.075 
v 0.178675 0.161575 0.075 
v 0.178995 0.162501 0.075 
v 0.221444 0.142575 0.075 
v 0.178995 0.162501 0.078 
v 0.179669 0.159523 0.078 
v 0.180658 0.156633 0.078 
v 0.18195 0.153865 0.078 
v 0.18353 0.151251 0.078 
v 0.185379 0.14882 0.078 
v 0.187478 0.146601 0.078 
v 0.189802 0.144619 0.078 
v 0.192324 0.142896 0.078 
v 0.195015 0.141452 0.078 
v 0.197846 0.140304 0.078 
v 0.200783 0.139464 0.078 
v 0.203792 0.138943 0.078 
v 0.20684 0.138746 0.078 
v 0.209892 0.138876 0.078 
v 0.212912 0.13933 0.078 
v 0.215867 0.140105 0.078 
v 0.218722 0.141191 0.078 
v 0.221444 0.142575 0.078 
v 0.207505 0.1931 0.078 
v 0.210332 0.192634 0.078 
v 0.204644 0.193256 0.078 
v 0.201783 0.1931 0.078 
v 0.196197 0.191862 0.078 
v 0.198956 0.192634 0.078 
v 0.213091 0.191862 0.078 
v 0.215751 0.190796 0.078 
v 0.218278 0.189446 0.078 
v 0.220644 0.18783 0.078 
v 0.19101 0.189446 0.078 
v 0.193537 0.190796 0.078 
v 0.188644 0.18783 0.078 
v 0.184509 0.183876 0.078 
v 0.186469 0.185966 0.078 
v 0.222819 0.185966 0.078 
v 0.224779 0.183876 0.078 
v 0.182099 0.172847 0.078 
v 0.223486 0.157678 0.078 
v 0.22152 0.143033 0.078 
v 0.224561 0.172415 0.078 
v 0.149842 0.358746 0.078 
v 0.160181 0.34819 0.078 
v 0.138883 0.368657 0.078 
v 0.172828 0.271186 0.078 
v 0.170495 0.275892 0.078 
v 0.16465 0.286121 0.078 
v 0.173234 0.27094 0.078 
v 0.195823 0.272369 0.078 
v 0.207041 0.254574 0.078 
v 0.209159 0.254045 0.078 
v 0.201549 0.280788 0.078 
v 0.182465 0.267904 0.078 
v 0.185053 0.24389 0.078 
v 0.186155 0.245775 0.078 
v 0.188588 0.268553 0.078 
v 0.194268 0.252894 0.078 
v 0.19628 0.253741 0.078 
v 0.198372 0.254369 0.078 
v 0.192413 0.270067 0.078 
v 0.190542 0.269206 0.078 
v 0.21121 0.253294 0.078 
v 0.194181 0.271126 0.078 
v 0.204878 0.254872 0.078 
v 0.215011 0.251156 0.078 
v 0.198658 0.275352 0.078 
v 0.202102 0.282772 0.078 
v 0.184159 0.241898 0.078 
v 0.192358 0.251835 0.078 
v 0.200518 0.254769 0.078 
v 0.197322 0.273784 0.078 
v 0.213167 0.252327 0.078 
v 0.199817 0.277055 0.078 
v 0.200784 0.278874 0.078 
v 0.183483 0.239822 0.078 
v 0.180418 0.268132 0.078 
v 0.184525 0.267898 0.078 
v 0.187453 0.247532 0.078 
v 0.188931 0.249139 0.078 
v 0.186574 0.268115 0.078 
v 0.190572 0.250579 0.078 
v 0.202695 0.254938 0.078 
v 0.176457 0.269246 0.078 
v 0.17459 0.270117 0.078 
v 0.178407 0.268582 0.078 
v 0.21521 0.213423 0.078 
v 0.212601 0.212442 0.078 
v 0.185061 0.231284 0.078 
v 0.207151 0.211305 0.078 
v 0.204368 0.211162 0.078 
v 0.217704 0.214667 0.078 
v 0.202437 0.284805 0.078 
v 0.18638 0.219578 0.078 
v 0.201338 0.287161 0.078 
v 0.194617 0.30032 0.078 
v 0.187112 0.313048 0.078 
v 0.201584 0.211305 0.078 
v 0.19883 0.211733 0.078 
v 0.209906 0.211733 0.078 
v 0.220058 0.216161 0.078 
v 0.219932 0.231201 0.078 
v 0.222245 0.217888 0.078 
v 0.216564 0.245588 0.078 
v 0.186491 0.217888 0.078 
v 0.193526 0.213423 0.078 
v 0.191031 0.214667 0.078 
v 0.196134 0.212442 0.078 
v 0.188678 0.216161 0.078 
v 0.173234 0.202209 0.078 
v 0.222819 0.185966 0.075 
v 0.224779 0.183876 0.075 
v 0.220644 0.18783 0.075 
v 0.218278 0.189446 0.075 
v 0.215751 0.190796 0.075 
v 0.213091 0.191862 0.075 
v 0.210332 0.192634 0.075 
v 0.207505 0.1931 0.075 
v 0.204644 0.193256 0.075 
v 0.201783 0.1931 0.075 
v 0.198956 0.192634 0.075 
v 0.196197 0.191862 0.075 
v 0.193537 0.190796 0.075 
v 0.19101 0.189446 0.075 
v 0.188644 0.18783 0.075 
v 0.186469 0.185966 0.075 
v 0.184509 0.183876 0.075 
v 0.209906 0.211733 0.075 
v 0.217704 0.214667 0.075 
v 0.220058 0.216161 0.075 
v 0.21521 0.213423 0.075 
v 0.207151 0.211305 0.075 
v 0.212601 0.212442 0.075 
v 0.191031 0.214667 0.075 
v 0.193526 0.213423 0.075 
v 0.196134 0.212442 0.075 
v 0.19883 0.211733 0.075 
v 0.201584 0.211305 0.075 
v 0.204368 0.211162 0.075 
v 0.222245 0.217888 0.075 
v 0.188678 0.216161 0.075 
v 0.186742 0.207803 0.075 
v 0.222424 0.216637 0.075 
v 0.224029 0.201948 0.075 
v 0.224742 0.18719 0.075 
v 0.186145 0.196038 0.075 
v 0.186491 0.217888 0.075 
v 0.184594 0.18436 0.075 
v 0.215011 0.251156 0.075 
v 0.212332 0.259745 0.075 
v 0.202437 0.284805 0.075 
v 0.20725 0.27362 0.075 
v 0.172828 0.271186 0.075 
v 0.175488 0.265223 0.075 
v 0.179598 0.254182 0.075 
v 0.182796 0.242844 0.075 
v 0.183483 0.239822 0.075 
v 0.200784 0.278874 0.075 
v 0.201549 0.280788 0.075 
v 0.195823 0.272369 0.075 
v 0.21121 0.253294 0.075 
v 0.209159 0.254045 0.075 
v 0.182465 0.267904 0.075 
v 0.184525 0.267898 0.075 
v 0.186155 0.245775 0.075 
v 0.199817 0.277055 0.075 
v 0.198658 0.275352 0.075 
v 0.197322 0.273784 0.075 
v 0.207041 0.254574 0.075 
v 0.204878 0.254872 0.075 
v 0.213167 0.252327 0.075 
v 0.198372 0.254369 0.075 
v 0.19628 0.253741 0.075 
v 0.190542 0.269206 0.075 
v 0.188588 0.268553 0.075 
v 0.202102 0.282772 0.075 
v 0.194181 0.271126 0.075 
v 0.202695 0.254938 0.075 
v 0.200518 0.254769 0.075 
v 0.192413 0.270067 0.075 
v 0.194268 0.252894 0.075 
v 0.185053 0.24389 0.075 
v 0.192358 0.251835 0.075 
v 0.186574 0.268115 0.075 
v 0.188931 0.249139 0.075 
v 0.184159 0.241898 0.075 
v 0.178407 0.268582 0.075 
v 0.180418 0.268132 0.075 
v 0.190572 0.250579 0.075 
v 0.187453 0.247532 0.075 
v 0.176457 0.269246 0.075 
v 0.17459 0.270117 0.075 
vn 1 0 0 
vn 0 -1 0 
vn -1 0 0 
vn 0 1 0 
vn 0 0 -1 
vn 1 0 0 
vn 0.586065 0.810264 0 
vn -1 0 0 
vn 0 1 0 
vn 1 0 0 
vn 0.441874 -0.897077 0 
vn 0.348991 -0.937126 0 
vn 0.530235 -0.84785 0 
vn 0.441874 -0.897077 0 
vn 0.613172 -0.789949 0 
vn 0.530235 -0.84785 0 
vn 0.689836 -0.723966 0 
vn 0.613172 -0.789949 0 
vn 0.759441 -0.650576 0 
vn 0.689836 -0.723966 0 
vn 0.821277 -0.57053 0 
vn 0.759441 -0.650576 0 
vn 0.87471 -0.484647 0 
vn 0.821277 -0.57053 0 
vn 0.919194 -0.393805 0 
vn 0.87471 -0.484647 0 
vn 0.954274 -0.298934 0 
vn 0.919194 -0.393805 0 
vn 0.97959 -0.201005 0 
vn 0.954274 -0.298934 0 
vn 0.994884 -0.101019 0 
vn 0.97959 -0.201005 0 
vn 1 0 0 
vn 0.994884 -0.101019 0 
vn 0 -1 0 
vn 0.94933 -0.314281 0 
vn 0.911468 -0.411371 0 
vn 0.863708 -0.503993 0 
vn 0.806568 -0.591142 0 
vn 0.740668 -0.671871 0 
vn 0.666725 -0.745304 0 
vn 0.585542 -0.810642 0 
vn 0.497999 -0.867177 0 
vn 0.405049 -0.914295 0 
vn 0.307699 -0.951484 0 
vn 0.207008 -0.978339 0 
vn 0.104069 -0.99457 0 
vn 1.83697e-16 -1 0 
vn 1 0 0 
vn 0.901464 0.432854 0 
vn 0.88786 -0.460115 0 
vn 0.861499 -0.507759 0 
vn 0.911588 -0.411106 0 
vn 0.88786 -0.460115 0 
vn 0.932613 -0.360878 0 
vn 0.911588 -0.411106 0 
vn 0.950873 -0.30958 0 
vn 0.932613 -0.360878 0 
vn 0.966314 -0.257364 0 
vn 0.950873 -0.30958 0 
vn 0.97889 -0.204385 0 
vn 0.966314 -0.257364 0 
vn 0.988564 -0.150801 0 
vn 0.97889 -0.204385 0 
vn 0.995307 -0.0967688 0 
vn 0.988564 -0.150801 0 
vn 0.998821 -0.0485544 0 
vn 0.999099 -0.04245 0 
vn 0.999928 0.0119946 0 
vn 0.997793 0.0664037 0 
vn 0.992699 0.120616 0 
vn 0.984662 0.17447 0 
vn 0.973706 0.227808 0 
vn 0.959863 0.28047 0 
vn 0.943174 0.3323 0 
vn 0.923688 0.383145 0 
vn 0.901464 0.432854 0 
vn -0.931005 -0.365007 0 
vn -0.964676 -0.263438 0 
vn -0.886673 -0.462397 0 
vn -0.931005 -0.365007 0 
vn -0.832189 -0.554492 0 
vn -0.886673 -0.462397 0 
vn -0.768177 -0.640238 0 
vn -0.832189 -0.554492 0 
vn -0.695368 -0.718654 0 
vn -0.768177 -0.640238 0 
vn -0.614598 -0.788841 0 
vn -0.695368 -0.718654 0 
vn -0.52679 -0.849995 0 
vn -0.614598 -0.788841 0 
vn -0.432951 -0.901417 0 
vn -0.52679 -0.849995 0 
vn -0.334155 -0.942518 0 
vn -0.432951 -0.901417 0 
vn -0.231532 -0.972827 0 
vn -0.334155 -0.942518 0 
vn -0.126258 -0.991997 0 
vn -0.231532 -0.972827 0 
vn -0.0195389 -0.999809 0 
vn -0.126258 -0.991997 0 
vn 0.0874042 -0.996173 0 
vn -0.0195389 -0.999809 0 
vn 0.193346 -0.981131 0 
vn 0.0874042 -0.996173 0 
vn 0.297075 -0.954854 0 
vn 0.193346 -0.981131 0 
vn 0.397402 -0.917645 0 
vn 0.297075 -0.954854 0 
vn 0.493179 -0.869928 0 
vn 0.397402 -0.917645 0 
vn 0.583308 -0.812251 0 
vn 0.493179 -0.869928 0 
vn 0.666759 -0.745273 0 
vn 0.583308 -0.812251 0 
vn 0.742576 -0.669762 0 
vn 0.666759 -0.745273 0 
vn 0.80989 -0.586582 0 
vn 0.742576 -0.669762 0 
vn 0.86793 -0.496686 0 
vn 0.80989 -0.586582 0 
vn 0.916033 -0.401103 0 
vn 0.86793 -0.496686 0 
vn 0.953647 -0.300927 0 
vn 0.916033 -0.401103 0 
vn 0.980342 -0.197305 0 
vn 0.953647 -0.300927 0 
vn 0.995812 -0.0914246 0 
vn 0.980342 -0.197305 0 
vn 0.99988 0.0155029 0 
vn 0.995812 -0.0914246 0 
vn 0.992499 0.122253 0 
vn 0.99988 0.0155029 0 
vn 0.973754 0.227603 0 
vn 0.992499 0.122253 0 
vn 0.943859 0.330347 0 
vn 0.973754 0.227603 0 
vn 0.903158 0.429309 0 
vn 0.943859 0.330347 0 
vn 0.852115 0.523355 0 
vn 0.903158 0.429309 0 
vn 0.791315 0.611409 0 
vn 0.852115 0.523355 0 
vn 0.721455 0.692462 0 
vn 0.791315 0.611409 0 
vn 0.643334 0.765586 0 
vn 0.721455 0.692462 0 
vn 0.557847 0.829944 0 
vn 0.643334 0.765586 0 
vn 0.465972 0.884799 0 
vn 0.557847 0.829944 0 
vn 0.368762 0.929524 0 
vn 0.465972 0.884799 0 
vn -1 -1.22465e-16 0 
vn -0.998815 -0.0486608 0 
vn -0.998363 -0.0571972 0 
vn -0.993457 -0.114207 0 
vn -0.985298 -0.170843 0 
vn -0.973913 -0.22692 0 
vn -0.95934 -0.282253 0 
vn -0.941625 -0.336663 0 
vn -0.920827 -0.38997 0 
vn -0.897015 -0.442001 0 
vn -0.870265 -0.492584 0 
vn -0.840666 -0.541554 0 
vn -0.808314 -0.588751 0 
vn -0.773316 -0.634021 0 
vn -0.735786 -0.677214 0 
vn -0.695847 -0.71819 0 
vn -0.653629 -0.756815 0 
vn -0.618214 -0.78601 0 
vn -0.609271 -0.792962 0 
vn -0.562918 -0.826512 0 
vn -0.514723 -0.857357 0 
vn -0.464842 -0.885394 0 
vn -0.413439 -0.910532 0 
vn -0.360682 -0.932689 0 
vn -0.306744 -0.951792 0 
vn -0.251802 -0.967779 0 
vn -0.196036 -0.980597 0 
vn -0.139627 -0.990204 0 
vn -0.0827617 -0.996569 0 
vn -0.0256252 -0.999672 0 
vn 0.0315951 -0.999501 0 
vn 0.0887121 -0.996057 0 
vn 0.145539 -0.989353 0 
vn 0.201889 -0.979409 0 
vn 0.257577 -0.966258 0 
vn 0.312423 -0.949943 0 
vn 0.366246 -0.930518 0 
vn 0.418869 -0.908047 0 
vn 0.470121 -0.882602 0 
vn -1 -2.59685e-16 0 
vn 0 1 0 
vn 1 0 0 
vn 0.410071 0.912054 0 
vn 0.464408 0.885621 0 
vn 0.51705 0.855955 0 
vn 0.567805 0.823163 0 
vn 0.616486 0.787366 0 
vn 0.662916 0.748694 0 
vn 0.701958 0.712218 0 
vn 0.706925 0.707288 0 
vn 0.748354 0.6633 0 
vn 0.787049 0.61689 0 
vn 0.822872 0.568227 0 
vn 0.855689 0.51749 0 
vn 0.885383 0.464863 0 
vn 0.911843 0.410539 0 
vn 0.934974 0.354716 0 
vn 0.954691 0.297597 0 
vn 0.970923 0.239392 0 
vn 0.983609 0.180313 0 
vn 0.992704 0.120576 0 
vn 0.998174 0.0603982 0 
vn 1 1.22465e-16 0 
vn 0.998461 0.0554593 0 
vn -1 0 0 
vn -0.503069 -0.864246 0 
vn 0 -1 0 
vn 1 0 0 
vn -1 0 0 
vn 0 1 0 
vn 1 0 0 
vn -0.562658 0.82669 0 
vn -1 0 0 
vn -0.918743 0.394856 0 
vn -0.664091 -0.747651 0 
vn -0.70582 -0.708391 0 
vn -0.620183 -0.784457 0 
vn -0.664091 -0.747651 0 
vn -0.574238 -0.818688 0 
vn -0.620183 -0.784457 0 
vn -0.633569 0.773686 0 
vn -1 0 0 
vn 0 -1 0 
vn 1 0 0 
vn 0 1 0 
vn 0 0 1 
vn -1 0 0 
vn 0 -1 0 
vn 1 0 0 
vn 0 0 -1 
vn -0.209732 -0.977759 0 
vn -0.311379 -0.950286 0 
vn -0.10576 -0.994392 0 
vn -0.209732 -0.977759 0 
vn -0.000614874 -1 0 
vn -0.10576 -0.994392 0 
vn 0.104537 -0.994521 0 
vn -0.000614874 -1 0 
vn 0.208529 -0.978016 0 
vn 0.104537 -0.994521 0 
vn 0.31021 -0.950668 0 
vn 0.208529 -0.978016 0 
vn 0.408451 -0.91278 0 
vn 0.31021 -0.950668 0 
vn 0.502164 -0.864772 0 
vn 0.408451 -0.91278 0 
vn 0.590309 -0.807177 0 
vn 0.502164 -0.864772 0 
vn 0.67191 -0.740633 0 
vn 0.590309 -0.807177 0 
vn 0.746062 -0.665877 0 
vn 0.67191 -0.740633 0 
vn 0.811942 -0.583739 0 
vn 0.746062 -0.665877 0 
vn 0.86882 -0.495129 0 
vn 0.811942 -0.583739 0 
vn 0.916065 -0.401029 0 
vn 0.86882 -0.495129 0 
vn 0.953155 -0.302484 0 
vn 0.916065 -0.401029 0 
vn 0.979676 -0.200585 0 
vn 0.953155 -0.302484 0 
vn 0.995337 -0.0964615 0 
vn 0.979676 -0.200585 0 
vn 0.999962 0.00873095 0 
vn 0.995337 -0.0964615 0 
vn 0.993501 0.113827 0 
vn 0.999962 0.00873095 0 
vn 0.976025 0.21766 0 
vn 0.993501 0.113827 0 
vn 0.947727 0.319081 0 
vn 0.976025 0.21766 0 
vn 0.908923 0.416964 0 
vn 0.947727 0.319081 0 
vn 0.532399 0.846494 0 
vn 0.587615 0.80914 0 
vn 0.64022 0.768191 0 
vn 0.68998 0.723829 0 
vn 0.736673 0.676249 0 
vn -0.999669 0.025724 0 
vn -0.540758 -0.841178 0 
vn 0.561416 -0.827534 0 
vn -0.736673 -0.676249 0 
vn -0.676249 0.736673 0 
vn -0.926988 0.375092 0 
vn -0.896389 0.443269 0 
vn -0.95241 0.304821 0 
vn -0.926988 0.375092 0 
vn -0.972513 0.232847 0 
vn -0.95241 0.304821 0 
vn -0.987186 0.159573 0 
vn -0.972513 0.232847 0 
vn -0.996346 0.085408 0 
vn -0.987186 0.159573 0 
vn -0.999383 0.0351212 0 
vn -0.999942 0.010766 0 
vn -0.997954 -0.0639362 0 
vn -0.990393 -0.138281 0 
vn -0.977301 -0.211854 0 
vn -0.958752 -0.284244 0 
vn -0.934849 -0.355047 0 
vn -0.905725 -0.423866 0 
vn -0.871543 -0.490319 0 
vn -0.832494 -0.554034 0 
vn -0.788796 -0.614655 0 
vn -0.740694 -0.671843 0 
vn -0.896389 0.443269 0 
vn -0.443269 -0.896389 0 
vn 0 0 -1 
vn 0.818671 -0.574262 0 
vn 0.736673 0.676249 0 
vn 0.150497 0.98861 0 
vn 0.257025 0.966405 0 
vn 0.0421876 0.99911 0 
vn 0.150497 0.98861 0 
vn -0.0666215 0.997778 0 
vn 0.0421876 0.99911 0 
vn -0.174642 0.984632 0 
vn -0.0666215 0.997778 0 
vn -0.280594 0.959827 0 
vn -0.174642 0.984632 0 
vn -0.383224 0.923655 0 
vn -0.280594 0.959827 0 
vn -0.481316 0.876547 0 
vn -0.383224 0.923655 0 
vn -0.573708 0.81906 0 
vn -0.481316 0.876547 0 
vn -0.659307 0.751873 0 
vn -0.573708 0.81906 0 
vn -0.7371 0.675784 0 
vn -0.659307 0.751873 0 
vn -0.806164 0.591693 0 
vn -0.7371 0.675784 0 
vn -0.865682 0.500595 0 
vn -0.806164 0.591693 0 
vn -0.914949 0.403569 0 
vn -0.865682 0.500595 0 
vn -0.953382 0.301765 0 
vn -0.914949 0.403569 0 
vn 0 0 -1 
vn -0.142203 -0.989837 0 
vn -0.245581 -0.969376 0 
vn -0.0372457 -0.999306 0 
vn -0.142203 -0.989837 0 
vn 0.0681254 -0.997677 0 
vn -0.0372457 -0.999306 0 
vn 0.17274 -0.984967 0 
vn 0.0681254 -0.997677 0 
vn 0.275436 -0.961319 0 
vn 0.17274 -0.984967 0 
vn 0.375073 -0.926995 0 
vn 0.275436 -0.961319 0 
vn 0.470545 -0.882376 0 
vn 0.411057 -0.91161 0 
vn 0.375073 -0.926995 0 
vn 0.560791 -0.827957 0 
vn 0.470545 -0.882376 0 
vn 0.644809 -0.764344 0 
vn 0.560791 -0.827957 0 
vn 0.721666 -0.692241 0 
vn 0.644809 -0.764344 0 
vn 0.790509 -0.612451 0 
vn 0.721666 -0.692241 0 
vn 0.850572 -0.525859 0 
vn 0.790509 -0.612451 0 
vn 0.901189 -0.433427 0 
vn 0.850572 -0.525859 0 
vn 0.941797 -0.336182 0 
vn 0.901189 -0.433427 0 
vn 0.971946 -0.235203 0 
vn 0.941797 -0.336182 0 
vn 0.991301 -0.131612 0 
vn 0.971946 -0.235203 0 
vn 0.999647 -0.0265589 0 
vn 0.991301 -0.131612 0 
vn 0.996891 0.0787888 0 
vn 0.999647 -0.0265589 0 
vn -0.955145 0.296137 0 
vn -0.918743 0.394856 0 
vn -0.980974 0.19414 0 
vn -0.955145 0.296137 0 
vn -0.995942 0.089994 0 
vn -0.980974 0.19414 0 
vn -0.999885 -0.0151484 0 
vn -0.995942 0.089994 0 
vn -0.992759 -0.120123 0 
vn -0.999885 -0.0151484 0 
vn -0.974642 -0.223768 0 
vn -0.992759 -0.120123 0 
vn -0.945736 -0.324936 0 
vn -0.974642 -0.223768 0 
vn -0.90636 -0.422506 0 
vn -0.945736 -0.324936 0 
vn -0.85695 -0.515399 0 
vn -0.90636 -0.422506 0 
vn -0.798053 -0.602587 0 
vn -0.85695 -0.515399 0 
vn -0.730322 -0.683103 0 
vn -0.798053 -0.602587 0 
vn -0.654505 -0.756058 0 
vn -0.730322 -0.683103 0 
vn -0.571443 -0.820642 0 
vn -0.654505 -0.756058 0 
vn -0.482054 -0.876141 0 
vn -0.571443 -0.820642 0 
vn -0.387329 -0.921941 0 
vn -0.482054 -0.876141 0 
vn -0.288316 -0.957535 0 
vn -0.387329 -0.921941 0 
vn -0.186111 -0.982529 0 
vn -0.288316 -0.957535 0 
vn -0.0818464 -0.996645 0 
vn -0.186111 -0.982529 0 
vn 0.0233248 -0.999728 0 
vn -0.0818464 -0.996645 0 
vn 0.128238 -0.991743 0 
vn 0.0233248 -0.999728 0 
vn 0.128274 -0.991739 0 
vn 0.231731 -0.97278 0 
vn 0.332659 -0.943047 0 
vn 0.429904 -0.902875 0 
vn 0.52239 -0.852707 0 
vn 0.609093 -0.793099 0 
vn 0.689053 -0.724711 0 
vn 0 0 -1 
vn 0.962102 0.272689 0 
vn 0.985716 0.168415 0 
vn 0.927491 0.373846 0 
vn 0.962102 0.272689 0 
vn 0.882278 0.470729 0 
vn 0.927491 0.373846 0 
vn 0.82698 0.562232 0 
vn 0.882278 0.470729 0 
vn 0.762229 0.647308 0 
vn 0.82698 0.562232 0 
vn 0.688765 0.724985 0 
vn 0.762229 0.647308 0 
vn 0.607428 0.794375 0 
vn 0.688765 0.724985 0 
vn 0.519148 0.854684 0 
vn 0.607428 0.794375 0 
vn 0.424934 0.905224 0 
vn 0.519148 0.854684 0 
vn 0.325862 0.945417 0 
vn 0.424934 0.905224 0 
vn 0.223066 0.974803 0 
vn 0.325862 0.945417 0 
vn 0.11772 0.993047 0 
vn 0.223066 0.974803 0 
vn 0.0110282 0.999939 0 
vn 0.11772 0.993047 0 
vn -0.0957896 0.995402 0 
vn 0.0110282 0.999939 0 
vn -0.201512 0.979486 0 
vn -0.0957896 0.995402 0 
vn -0.304932 0.952374 0 
vn -0.201512 0.979486 0 
vn -0.404866 0.914376 0 
vn -0.304932 0.952374 0 
vn -0.500172 0.865926 0 
vn -0.404866 0.914376 0 
vn 0 0 1 
vn -0.691048 -0.722809 0 
vn -0.765571 -0.643351 0 
vn -0.608324 -0.793689 0 
vn -0.691048 -0.722809 0 
vn -0.51838 -0.85515 0 
vn -0.608324 -0.793689 0 
vn -0.422285 -0.906463 0 
vn -0.51838 -0.85515 0 
vn -0.321178 -0.947019 0 
vn -0.422285 -0.906463 0 
vn -0.21626 -0.976336 0 
vn -0.321178 -0.947019 0 
vn -0.108775 -0.994066 0 
vn -0.21626 -0.976336 0 
vn -2.1732e-13 -1 0 
vn -0.108775 -0.994066 0 
vn 0.108775 -0.994066 0 
vn -2.1732e-13 -1 0 
vn 0.21626 -0.976336 0 
vn 0.108775 -0.994066 0 
vn 0.321178 -0.947019 0 
vn 0.21626 -0.976336 0 
vn 0.422285 -0.906463 0 
vn 0.321178 -0.947019 0 
vn 0.51838 -0.85515 0 
vn 0.422285 -0.906463 0 
vn 0.608324 -0.793689 0 
vn 0.51838 -0.85515 0 
vn 0.691048 -0.722809 0 
vn 0.608324 -0.793689 0 
vn 0.765571 -0.643351 0 
vn 0.691048 -0.722809 0 
vn 0 0 -1 
vn 0.578558 0.815641 0 
vn 0.659224 0.751947 0 
vn 0.49178 0.870719 0 
vn 0.578558 0.815641 0 
vn 0.399807 0.916599 0 
vn 0.49178 0.870719 0 
vn 0.30361 0.952796 0 
vn 0.399807 0.916599 0 
vn 0.204207 0.978928 0 
vn 0.30361 0.952796 0 
vn 0.102645 0.994718 0 
vn 0.204207 0.978928 0 
vn -1.51174e-13 1 0 
vn 0.102645 0.994718 0 
vn -0.102645 0.994718 0 
vn -1.51174e-13 1 0 
vn -0.204207 0.978928 0 
vn -0.102645 0.994718 0 
vn -0.30361 0.952796 0 
vn -0.204207 0.978928 0 
vn -0.399807 0.916599 0 
vn -0.30361 0.952796 0 
vn -0.49178 0.870719 0 
vn -0.399807 0.916599 0 
vn -0.578558 0.815641 0 
vn -0.49178 0.870719 0 
vn -0.659224 0.751947 0 
vn -0.578558 0.815641 0 
vn -0.994689 0.102928 0 
vn -0.986636 0.162941 0 
vn -0.999095 0.0425381 0 
vn -0.994689 0.102928 0 
vn -0.966326 -0.257321 0 
vn -0.980128 -0.198364 0 
vn -0.876387 -0.481608 0 
vn -0.903928 -0.427684 0 
vn -0.845632 -0.533767 0 
vn -0.876387 -0.481608 0 
vn -0.692903 -0.721031 0 
vn -0.735272 -0.677772 0 
vn -0.647994 -0.761645 0 
vn -0.692903 -0.721031 0 
vn -0.600709 -0.799468 0 
vn -0.940957 0.338527 0 
vn -0.918743 0.394856 0 
vn -0.95972 0.280957 0 
vn -0.940957 0.338527 0 
vn -0.974965 0.222357 0 
vn -0.95972 0.280957 0 
vn -0.986324 0.16482 0 
vn -0.974965 0.222357 0 
vn -0.999838 -0.018008 0 
vn -0.99999 -0.00442807 0 
vn -0.999095 0.0425381 0 
vn -0.996915 -0.0784881 0 
vn -0.999838 -0.018008 0 
vn -0.990337 -0.13868 0 
vn -0.996915 -0.0784881 0 
vn -0.989605 -0.143809 0 
vn -0.990337 -0.13868 0 
vn -0.948981 -0.315334 0 
vn -0.959959 -0.280139 0 
vn -0.966326 -0.257321 0 
vn -0.928156 -0.372191 0 
vn -0.948981 -0.315334 0 
vn -0.908434 -0.418028 0 
vn -0.928156 -0.372191 0 
vn -0.811776 -0.583968 0 
vn -0.844693 -0.535251 0 
vn -0.845632 -0.533767 0 
vn -0.774945 -0.632029 0 
vn -0.811776 -0.583968 0 
vn -0.765156 -0.643845 0 
vn -0.774945 -0.632029 0 
vn -0.908434 -0.418028 0 
vn -0.989605 -0.143809 0 
vn -0.986324 0.16482 0 
vn -0.600709 -0.799468 0 
vn 0.847347 0.531039 0 
vn 0.887719 0.460385 0 
vn 0.988343 0.152242 0 
vn 0.997449 0.0713781 0 
vn 0.632966 0.77418 0 
vn 0.693817 0.720151 0 
vn 0.750074 0.661354 0 
vn 0.801364 0.598177 0 
vn 0.822383 0.568934 0 
vn 0.922213 0.386682 0 
vn 0.887719 0.460385 0 
vn 0.903838 0.427875 0 
vn 0.922213 0.386682 0 
vn 0.9506 0.310418 0 
vn 0.972692 0.232099 0 
vn 0.977438 0.211221 0 
vn 0.99995 -0.00995891 0 
vn 0.997449 0.0713781 0 
vn 0.998216 0.0597082 0 
vn 0.99995 -0.00995891 0 
vn 0.99583 -0.09123 0 
vn 0.985115 -0.171897 0 
vn 0.967877 -0.251426 0 
vn 0.984525 -0.175243 0 
vn 0.985115 -0.171897 0 
vn 0.944229 -0.329289 0 
vn 0.946436 -0.322891 0 
vn 0.914329 -0.404973 0 
vn 0.878374 -0.477974 0 
vn 0.836603 -0.54781 0 
vn 0.789291 -0.614019 0 
vn 0.984525 -0.175243 0 
vn 0.977438 0.211221 0 
vn 0.822383 0.568934 0 
vn 0 0 -1 
vn -0.490105 -0.871663 0 
vn -0.580527 -0.814241 0 
vn -0.39406 -0.919085 0 
vn -0.490105 -0.871663 0 
vn -0.293493 -0.955961 0 
vn -0.39406 -0.919085 0 
vn -0.189559 -0.981869 0 
vn -0.293493 -0.955961 0 
vn -0.0834503 -0.996512 0 
vn -0.189559 -0.981869 0 
vn 0.023616 -0.999721 0 
vn -0.0834503 -0.996512 0 
vn 0.130411 -0.99146 0 
vn 0.023616 -0.999721 0 
vn 0.23571 -0.971823 0 
vn 0.130411 -0.99146 0 
vn 0.338305 -0.941037 0 
vn 0.23571 -0.971823 0 
vn 0.437018 -0.899453 0 
vn 0.338305 -0.941037 0 
vn 0.530717 -0.847549 0 
vn 0.437018 -0.899453 0 
vn 0.618327 -0.785921 0 
vn 0.530717 -0.847549 0 
vn 0.698842 -0.715276 0 
vn 0.618327 -0.785921 0 
vn 0.77134 -0.636424 0 
vn 0.698842 -0.715276 0 
vn 0.834987 -0.55027 0 
vn 0.77134 -0.636424 0 
vn 0.889054 -0.457802 0 
vn 0.834987 -0.55027 0 
vn 0.932921 -0.360082 0 
vn 0.889054 -0.457802 0 
vn 0.966083 -0.258231 0 
vn 0.932921 -0.360082 0 
vn 0.471512 0.881859 0 
vn 0.564221 0.825624 0 
vn 0.543416 0.839463 0 
vn 0.37326 0.927727 0 
vn 0.471512 0.881859 0 
vn 0.27062 0.962686 0 
vn 0.37326 0.927727 0 
vn 0.164797 0.986327 0 
vn 0.27062 0.962686 0 
vn 0.0570374 0.998372 0 
vn 0.164797 0.986327 0 
vn -0.0513932 0.998678 0 
vn 0.0570374 0.998372 0 
vn -0.159219 0.987243 0 
vn -0.0513932 0.998678 0 
vn -0.265174 0.964201 0 
vn -0.159219 0.987243 0 
vn -0.36801 0.929822 0 
vn -0.265174 0.964201 0 
vn -0.46652 0.884511 0 
vn -0.36801 0.929822 0 
vn -0.559545 0.8288 0 
vn -0.46652 0.884511 0 
vn -0.645991 0.763345 0 
vn -0.559545 0.8288 0 
vn -0.724842 0.688915 0 
vn -0.645991 0.763345 0 
vn -0.795171 0.606386 0 
vn -0.724842 0.688915 0 
vn -0.85615 0.516727 0 
vn -0.795171 0.606386 0 
vn -0.907064 0.420992 0 
vn -0.85615 0.516727 0 
vn -0.947313 0.320308 0 
vn -0.907064 0.420992 0 
vn -0.976425 0.215858 0 
vn -0.947313 0.320308 0 
vn -0.994056 0.10887 0 
vn -0.976425 0.215858 0 
usemtl 0.615686_0.811765_0.929412_0.000000_0.000000
o mesh12
f 151//81 152//81 153//81 
f 153//81 154//81 151//81 
o mesh13
f 154//82 153//82 155//82 
f 155//82 156//82 154//82 
o mesh14
f 156//83 155//83 157//83 
f 157//83 158//83 156//83 
o mesh15
f 158//84 157//84 152//84 
f 152//84 151//84 158//84 
o mesh16
f 159//85 160//85 161//85 
f 162//85 163//85 164//85 
f 163//85 165//85 166//85 
f 160//85 167//85 161//85 
f 168//85 169//85 170//85 
f 171//85 168//85 172//85 
f 173//85 174//85 175//85 
f 174//85 171//85 176//85 
f 177//85 162//85 178//85 
f 166//85 164//85 163//85 
f 161//85 179//85 159//85 
f 172//85 176//85 171//85 
f 176//85 175//85 174//85 
f 180//85 181//85 182//85 
f 183//85 184//85 181//85 
f 185//85 186//85 184//85 
f 187//85 177//85 188//85 
f 164//85 178//85 162//85 
f 159//85 189//85 190//85 
f 179//85 191//85 159//85 
f 160//85 192//85 193//85 
f 175//85 194//85 173//85 
f 195//85 173//85 194//85 
f 181//85 180//85 183//85 
f 184//85 183//85 185//85 
f 196//85 197//85 198//85 
f 197//85 187//85 199//85 
f 178//85 188//85 177//85 
f 166//85 165//85 159//85 
f 191//85 189//85 159//85 
f 193//85 200//85 160//85 
f 201//85 202//85 203//85 
f 202//85 204//85 205//85 
f 202//85 206//85 207//85 
f 202//85 208//85 209//85 
f 202//85 210//85 211//85 
f 202//85 212//85 213//85 
f 202//85 214//85 215//85 
f 202//85 216//85 217//85 
f 194//85 218//85 195//85 
f 219//85 220//85 195//85 
f 221//85 222//85 220//85 
f 223//85 182//85 222//85 
f 185//85 196//85 186//85 
f 199//85 198//85 197//85 
f 159//85 224//85 166//85 
f 200//85 167//85 160//85 
f 201//85 225//85 226//85 
f 203//85 227//85 201//85 
f 207//85 204//85 202//85 
f 209//85 228//85 202//85 
f 202//85 229//85 230//85 
f 202//85 231//85 232//85 
f 202//85 233//85 234//85 
f 213//85 210//85 202//85 
f 217//85 214//85 202//85 
f 235//85 236//85 237//85 
f 238//85 239//85 240//85 
f 238//85 241//85 242//85 
f 238//85 243//85 244//85 
f 238//85 245//85 246//85 
f 238//85 247//85 248//85 
f 195//85 218//85 219//85 
f 222//85 221//85 223//85 
f 198//85 186//85 196//85 
f 190//85 224//85 159//85 
f 226//85 249//85 201//85 
f 227//85 250//85 201//85 
f 202//85 251//85 252//85 
f 228//85 206//85 202//85 
f 208//85 253//85 254//85 
f 230//85 208//85 202//85 
f 202//85 255//85 256//85 
f 202//85 257//85 231//85 
f 211//85 233//85 202//85 
f 202//85 258//85 259//85 
f 202//85 260//85 261//85 
f 202//85 262//85 263//85 
f 202//85 264//85 216//85 
f 237//85 202//85 235//85 
f 242//85 239//85 238//85 
f 246//85 243//85 238//85 
f 238//85 265//85 266//85 
f 248//85 267//85 238//85 
f 220//85 219//85 221//85 
f 188//85 199//85 187//85 
f 250//85 225//85 201//85 
f 205//85 251//85 202//85 
f 230//85 253//85 208//85 
f 232//85 255//85 202//85 
f 202//85 268//85 269//85 
f 259//85 212//85 202//85 
f 202//85 270//85 260//85 
f 202//85 271//85 262//85 
f 202//85 272//85 273//85 
f 237//85 264//85 202//85 
f 244//85 241//85 238//85 
f 267//85 265//85 238//85 
f 182//85 223//85 180//85 
f 159//85 274//85 275//85 
f 201//85 276//85 277//85 
f 252//85 203//85 202//85 
f 256//85 229//85 202//85 
f 234//85 268//85 202//85 
f 263//85 270//85 202//85 
f 215//85 272//85 202//85 
f 278//85 279//85 280//85 
f 266//85 245//85 238//85 
f 281//85 160//85 275//85 
f 275//85 160//85 159//85 
f 282//85 283//85 153//85 
f 283//85 282//85 274//85 
f 249//85 276//85 201//85 
f 269//85 257//85 202//85 
f 273//85 271//85 202//85 
f 278//85 284//85 279//85 
f 285//85 286//85 287//85 
f 240//85 288//85 238//85 
f 289//85 201//85 290//85 
f 170//85 172//85 168//85 
f 274//85 159//85 283//85 
f 201//85 291//85 292//85 
f 201//85 293//85 294//85 
f 201//85 295//85 296//85 
f 277//85 297//85 201//85 
f 261//85 258//85 202//85 
f 278//85 254//85 284//85 
f 287//85 298//85 285//85 
f 299//85 285//85 300//85 
f 301//85 302//85 238//85 
f 201//85 303//85 304//85 
f 290//85 305//85 289//85 
f 153//85 152//85 282//85 
f 152//85 306//85 307//85 
f 294//85 291//85 201//85 
f 297//85 295//85 201//85 
f 280//85 308//85 278//85 
f 201//85 309//85 310//85 
f 300//85 311//85 299//85 
f 312//85 299//85 311//85 
f 301//85 313//85 302//85 
f 301//85 314//85 315//85 
f 301//85 304//85 316//85 
f 289//85 303//85 201//85 
f 307//85 282//85 152//85 
f 317//85 318//85 307//85 
f 292//85 319//85 201//85 
f 254//85 278//85 208//85 
f 201//85 320//85 321//85 
f 201//85 322//85 323//85 
f 201//85 301//85 309//85 
f 286//85 324//85 325//85 
f 286//85 326//85 327//85 
f 311//85 328//85 312//85 
f 329//85 312//85 328//85 
f 330//85 331//85 332//85 
f 315//85 313//85 301//85 
f 304//85 301//85 201//85 
f 307//85 306//85 317//85 
f 283//85 236//85 155//85 
f 296//85 293//85 201//85 
f 236//85 235//85 157//85 
f 235//85 306//85 152//85 
f 333//85 334//85 306//85 
f 321//85 335//85 201//85 
f 201//85 336//85 337//85 
f 310//85 322//85 201//85 
f 327//85 324//85 286//85 
f 328//85 332//85 329//85 
f 289//85 338//85 330//85 
f 316//85 314//85 301//85 
f 155//85 153//85 283//85 
f 157//85 155//85 236//85 
f 306//85 235//85 333//85 
f 333//85 339//85 340//85 
f 201//85 341//85 342//85 
f 335//85 343//85 201//85 
f 323//85 336//85 201//85 
f 298//85 300//85 285//85 
f 332//85 289//85 330//85 
f 201//85 344//85 290//85 
f 319//85 344//85 201//85 
f 340//85 334//85 333//85 
f 342//85 333//85 201//85 
f 337//85 320//85 201//85 
f 331//85 329//85 332//85 
f 288//85 301//85 238//85 
f 340//85 345//85 346//85 
f 152//85 157//85 235//85 
f 343//85 341//85 201//85 
f 305//85 338//85 289//85 
f 275//85 347//85 281//85 
f 325//85 287//85 286//85 
f 342//85 339//85 333//85 
f 346//85 334//85 340//85 
o mesh17
f 348//86 334//86 346//86 
f 346//86 349//86 348//86 
o mesh18
f 349//87 346//87 345//87 
f 345//87 350//87 349//87 
o mesh19
f 350//88 345//88 340//88 
f 340//88 351//88 350//88 
o mesh20
f 351//89 340//89 339//89 
f 339//89 352//89 351//89 
o mesh21
f 352//90 339//90 342//90 
f 342//90 353//90 352//90 
o mesh22
f 309//91 301//92 354//92 
f 310//93 309//91 355//94 
f 322//95 310//93 356//96 
f 323//97 322//95 357//98 
f 336//99 323//97 358//100 
f 337//101 336//99 359//102 
f 320//103 337//101 360//104 
f 321//105 320//103 361//106 
f 335//107 321//105 362//108 
f 343//109 335//107 363//110 
f 341//111 343//109 364//112 
f 342//113 341//111 365//114 
f 365//114 353//113 342//113 
f 364//112 365//114 341//111 
f 363//110 364//112 343//109 
f 362//108 363//110 335//107 
f 361//106 362//108 321//105 
f 360//104 361//106 320//103 
f 359//102 360//104 337//101 
f 358//100 359//102 336//99 
f 357//98 358//100 323//97 
f 356//96 357//98 322//95 
f 355//94 356//96 310//93 
f 354//92 355//94 309//91 
o mesh23
f 354//115 301//115 288//115 
f 288//115 366//115 354//115 
o mesh24
f 248//116 367//116 368//117 
f 267//117 368//117 369//118 
f 265//118 369//118 370//119 
f 266//119 370//119 371//120 
f 245//120 371//120 372//121 
f 246//121 372//121 373//122 
f 243//122 373//122 374//123 
f 244//123 374//123 375//124 
f 241//124 375//124 376//125 
f 242//125 376//125 377//126 
f 239//126 377//126 378//127 
f 240//127 378//127 366//128 
f 366//128 288//128 240//127 
f 378//127 240//127 239//126 
f 377//126 239//126 242//125 
f 376//125 242//125 241//124 
f 375//124 241//124 244//123 
f 374//123 244//123 243//122 
f 373//122 243//122 246//121 
f 372//121 246//121 245//120 
f 371//120 245//120 266//119 
f 370//119 266//119 265//118 
f 369//118 265//118 267//117 
f 368//117 267//117 248//116 
o mesh25
f 367//129 248//129 247//129 
f 247//129 379//129 367//129 
o mesh26
f 379//130 247//130 238//130 
f 238//130 380//130 379//130 
o mesh27
f 327//131 326//132 381//132 
f 324//133 327//131 382//134 
f 325//135 324//133 383//136 
f 287//137 325//135 384//138 
f 298//139 287//137 385//140 
f 300//141 298//139 386//142 
f 311//143 300//141 387//144 
f 328//145 311//143 388//146 
f 328//145 389//145 390//147 
f 390//147 332//148 328//145 
f 289//149 332//148 391//148 
f 303//150 289//149 392//149 
f 304//151 303//150 393//150 
f 316//152 304//151 394//151 
f 314//153 316//152 395//152 
f 315//154 314//153 396//153 
f 313//155 315//154 397//154 
f 302//156 313//155 398//155 
f 238//157 302//156 399//156 
f 399//156 380//157 238//157 
f 398//155 399//156 302//156 
f 397//154 398//155 313//155 
f 396//153 397//154 315//154 
f 395//152 396//153 314//153 
f 394//151 395//152 316//152 
f 393//150 394//151 304//151 
f 392//149 393//150 303//150 
f 391//148 392//149 289//149 
f 390//147 391//148 332//148 
f 388//146 389//145 328//145 
f 387//144 388//146 311//143 
f 386//142 387//144 300//141 
f 385//140 386//142 298//139 
f 384//138 385//140 287//137 
f 383//136 384//138 325//135 
f 382//134 383//136 324//133 
f 381//132 382//134 327//131 
o mesh28
f 278//158 308//159 400//159 
f 208//160 278//158 401//161 
f 209//162 208//160 402//163 
f 228//164 209//162 403//165 
f 206//166 228//164 404//167 
f 207//168 206//166 405//169 
f 204//170 207//168 406//171 
f 205//172 204//170 407//173 
f 251//174 205//172 408//175 
f 252//176 251//174 409//177 
f 203//178 252//176 410//179 
f 227//180 203//178 411//181 
f 250//182 227//180 412//183 
f 225//184 250//182 413//185 
f 226//186 225//184 414//187 
f 249//188 226//186 415//189 
f 276//190 249//188 416//191 
f 277//192 276//190 417//193 
f 297//194 277//192 418//195 
f 295//196 297//194 419//197 
f 296//198 295//196 420//199 
f 293//200 296//198 421//201 
f 294//202 293//200 422//203 
f 291//204 294//202 423//205 
f 292//206 291//204 424//207 
f 319//208 292//206 425//209 
f 344//210 319//208 426//211 
f 290//212 344//210 427//213 
f 305//214 290//212 428//215 
f 338//216 305//214 429//217 
f 330//218 338//216 430//219 
f 331//220 330//218 431//221 
f 329//222 331//220 432//223 
f 312//224 329//222 433//225 
f 299//226 312//224 434//227 
f 285//228 299//226 435//229 
f 286//230 285//228 436//231 
f 326//232 286//230 437//233 
f 437//233 381//232 326//232 
f 436//231 437//233 286//230 
f 435//229 436//231 285//228 
f 434//227 435//229 299//226 
f 433//225 434//227 312//224 
f 432//223 433//225 329//222 
f 431//221 432//223 331//220 
f 430//219 431//221 330//218 
f 429//217 430//219 338//216 
f 428//215 429//217 305//214 
f 427//213 428//215 290//212 
f 426//211 427//213 344//210 
f 425//209 426//211 319//208 
f 424//207 425//209 292//206 
f 423//205 424//207 291//204 
f 422//203 423//205 294//202 
f 421//201 422//203 293//200 
f 420//199 421//201 296//198 
f 419//197 420//199 295//196 
f 418//195 419//197 297//194 
f 417//193 418//195 277//192 
f 416//191 417//193 276//190 
f 415//189 416//191 249//188 
f 414//187 415//189 226//186 
f 413//185 414//187 225//184 
f 412//183 413//185 250//182 
f 411//181 412//183 227//180 
f 410//179 411//181 203//178 
f 409//177 410//179 252//176 
f 408//175 409//177 251//174 
f 407//173 408//175 205//172 
f 406//171 407//173 204//170 
f 405//169 406//171 207//168 
f 404//167 405//169 206//166 
f 403//165 404//167 228//164 
f 402//163 403//165 209//162 
f 401//161 402//163 208//160 
f 400//159 401//161 278//158 
o mesh29
f 237//234 438//234 439//235 
f 439//235 264//236 237//234 
f 216//237 264//236 440//236 
f 217//238 216//237 441//237 
f 214//239 217//238 442//238 
f 215//240 214//239 443//239 
f 272//241 215//240 444//240 
f 273//242 272//241 445//241 
f 271//243 273//242 446//242 
f 262//244 271//243 447//243 
f 263//245 262//244 448//244 
f 270//246 263//245 449//245 
f 260//247 270//246 450//246 
f 261//248 260//247 451//247 
f 258//249 261//248 452//248 
f 259//250 258//249 453//249 
f 259//250 454//250 455//251 
f 455//251 212//252 259//250 
f 213//253 212//252 456//252 
f 210//254 213//253 457//253 
f 211//255 210//254 458//254 
f 233//256 211//255 459//255 
f 234//257 233//256 460//256 
f 268//258 234//257 461//257 
f 269//259 268//258 462//258 
f 257//260 269//259 463//259 
f 231//261 257//260 464//260 
f 232//262 231//261 465//261 
f 255//263 232//262 466//262 
f 256//264 255//263 467//263 
f 229//265 256//264 468//264 
f 230//266 229//265 469//265 
f 253//267 230//266 470//266 
f 254//268 253//267 471//267 
f 284//269 254//268 472//268 
f 279//270 284//269 473//269 
f 280//271 279//270 474//270 
f 308//272 280//271 475//271 
f 475//271 400//272 308//272 
f 474//270 475//271 280//271 
f 473//269 474//270 279//270 
f 472//268 473//269 284//269 
f 471//267 472//268 254//268 
f 470//266 471//267 253//267 
f 469//265 470//266 230//266 
f 468//264 469//265 229//265 
f 467//263 468//264 256//264 
f 466//262 467//263 255//263 
f 465//261 466//262 232//262 
f 464//260 465//261 231//261 
f 463//259 464//260 257//260 
f 462//258 463//259 269//259 
f 461//257 462//258 268//258 
f 460//256 461//257 234//257 
f 459//255 460//256 233//256 
f 458//254 459//255 211//255 
f 457//253 458//254 210//254 
f 456//252 457//253 213//253 
f 455//251 456//252 212//252 
f 453//249 454//250 259//250 
f 452//248 453//249 258//249 
f 451//247 452//248 261//248 
f 450//246 451//247 260//247 
f 449//245 450//246 270//246 
f 448//244 449//245 263//245 
f 447//243 448//244 262//244 
f 446//242 447//243 271//243 
f 445//241 446//242 273//242 
f 444//240 445//241 272//241 
f 443//239 444//240 215//240 
f 442//238 443//239 214//239 
f 441//237 442//238 217//238 
f 440//236 441//237 216//237 
f 439//235 440//236 264//236 
o mesh30
f 438//273 237//273 236//273 
f 236//273 476//273 438//273 
o mesh31
f 476//274 236//274 283//274 
f 283//274 477//274 476//274 
o mesh32
f 477//275 283//275 159//275 
f 159//275 478//275 477//275 
o mesh33
f 170//276 479//276 480//277 
f 172//277 480//277 481//278 
f 176//278 481//278 482//279 
f 175//279 482//279 483//280 
f 194//280 483//280 484//281 
f 218//281 484//281 485//282 
f 485//282 219//283 218//281 
f 219//283 486//283 487//284 
f 221//284 487//284 488//285 
f 223//285 488//285 489//286 
f 180//286 489//286 490//287 
f 183//287 490//287 491//288 
f 185//288 491//288 492//289 
f 196//289 492//289 493//290 
f 197//290 493//290 494//291 
f 187//291 494//291 495//292 
f 177//292 495//292 496//293 
f 162//293 496//293 497//294 
f 163//294 497//294 498//295 
f 159//296 165//295 499//297 
f 165//295 498//295 499//297 
f 499//297 478//296 159//296 
f 498//295 165//295 163//294 
f 497//294 163//294 162//293 
f 496//293 162//293 177//292 
f 495//292 177//292 187//291 
f 494//291 187//291 197//290 
f 493//290 197//290 196//289 
f 492//289 196//289 185//288 
f 491//288 185//288 183//287 
f 490//287 183//287 180//286 
f 489//286 180//286 223//285 
f 488//285 223//285 221//284 
f 487//284 221//284 219//283 
f 485//282 486//283 219//283 
f 484//281 218//281 194//280 
f 483//280 194//280 175//279 
f 482//279 175//279 176//278 
f 481//278 176//278 172//277 
f 480//277 172//277 170//276 
o mesh34
f 500//298 193//298 192//298 
f 192//298 501//298 500//298 
o mesh35
f 160//299 502//299 503//299 
f 503//299 192//299 160//299 
f 503//299 501//299 192//299 
o mesh36
f 502//298 160//298 281//298 
f 281//298 504//298 502//298 
o mesh37
f 504//300 281//300 347//300 
f 347//300 505//300 504//300 
o mesh38
f 505//301 347//301 275//301 
f 275//301 506//301 505//301 
o mesh39
f 506//300 275//300 274//300 
f 274//300 507//300 506//300 
o mesh40
f 507//302 274//302 282//302 
f 282//302 508//302 507//302 
o mesh41
f 508//303 282//303 307//303 
f 307//303 509//303 508//303 
o mesh42
f 509//304 307//304 318//304 
f 318//304 510//304 509//304 
o mesh43
f 317//305 511//305 512//305 
f 512//305 318//305 317//305 
f 512//305 510//305 318//305 
o mesh44
f 511//306 317//306 306//306 
f 306//306 513//306 511//306 
o mesh45
f 200//307 193//307 514//307 
f 514//307 515//307 516//307 
f 193//307 500//307 514//307 
f 514//307 516//307 200//307 
o mesh46
f 171//308 174//309 517//309 
f 168//310 171//308 518//311 
f 169//312 168//310 519//313 
f 519//313 520//312 169//312 
f 518//311 519//313 168//310 
f 517//309 518//311 171//308 
o mesh47
f 521//314 479//314 520//314 
f 170//314 169//314 520//314 
f 520//314 479//314 170//314 
f 520//314 522//314 521//314 
o mesh48
f 523//315 201//315 333//315 
f 333//315 524//315 523//315 
o mesh49
f 524//316 333//316 235//316 
f 235//316 525//316 524//316 
o mesh50
f 525//317 235//317 202//317 
f 202//317 526//317 525//317 
o mesh51
f 526//318 202//318 201//318 
f 201//318 523//318 526//318 
o mesh52
f 527//318 513//318 348//318 
f 334//318 348//318 513//318 
f 528//318 529//318 513//318 
f 513//318 306//318 334//318 
f 528//318 530//318 529//318 
f 513//318 527//318 528//318 
f 348//318 531//318 527//318 
o mesh53
f 525//319 526//319 532//319 
f 526//319 523//319 533//319 
f 533//319 532//319 526//319 
f 523//319 524//319 527//319 
f 527//319 533//319 523//319 
f 525//319 528//319 527//319 
f 527//319 524//319 525//319 
f 532//319 528//319 525//319 
o mesh54
f 528//320 532//320 534//320 
f 532//320 535//320 534//320 
f 534//320 530//320 528//320 
o mesh55
f 533//321 536//321 537//321 
f 537//321 532//321 533//321 
f 537//321 535//321 532//321 
o mesh56
f 527//322 531//322 538//322 
f 538//322 533//322 527//322 
f 538//322 536//322 533//322 
o mesh57
f 522//323 539//323 540//323 
f 522//323 520//323 541//323 
f 542//323 543//323 544//323 
f 545//323 546//323 547//323 
f 541//323 539//323 522//323 
f 520//323 548//323 549//323 
f 550//323 520//323 519//323 
f 551//323 519//323 518//323 
f 544//323 547//323 542//323 
f 547//323 552//323 545//323 
f 549//323 541//323 520//323 
f 519//323 553//323 550//323 
f 518//323 554//323 555//323 
f 543//323 556//323 544//323 
f 552//323 522//323 545//323 
f 550//323 548//323 520//323 
f 518//323 557//323 554//323 
f 546//323 542//323 547//323 
f 519//323 551//323 553//323 
f 518//323 558//323 557//323 
f 518//323 517//323 559//323 
f 544//323 560//323 561//323 
f 540//323 545//323 522//323 
f 559//323 558//323 518//323 
f 544//323 562//323 560//323 
f 518//323 555//323 551//323 
f 556//323 562//323 544//323 
f 561//323 563//323 544//323 
o mesh58
f 559//324 517//325 564//325 
f 558//326 559//324 565//327 
f 557//328 558//326 566//329 
f 554//330 557//328 567//331 
f 555//332 554//330 568//333 
f 551//334 555//332 569//335 
f 553//336 551//334 570//337 
f 550//338 553//336 571//339 
f 548//340 550//338 572//341 
f 549//342 548//340 573//343 
f 541//344 549//342 574//345 
f 539//346 541//344 575//347 
f 540//348 539//346 576//349 
f 545//350 540//348 577//351 
f 546//352 545//350 578//353 
f 542//354 546//352 579//355 
f 543//356 542//354 580//357 
f 556//358 543//356 581//359 
f 562//360 556//358 582//361 
f 560//362 562//360 583//363 
f 561//364 560//362 584//365 
f 563//366 561//364 585//367 
f 585//367 586//366 563//366 
f 584//365 585//367 561//364 
f 583//363 584//365 560//362 
f 582//361 583//363 562//360 
f 581//359 582//361 556//358 
f 580//357 581//359 543//356 
f 579//355 580//357 542//354 
f 578//353 579//355 546//352 
f 577//351 578//353 545//350 
f 576//349 577//351 540//348 
f 575//347 576//349 539//346 
f 574//345 575//347 541//344 
f 573//343 574//345 549//342 
f 572//341 573//343 548//340 
f 571//339 572//341 550//338 
f 570//337 571//339 553//336 
f 569//335 570//337 551//334 
f 568//333 569//335 555//332 
f 567//331 568//333 554//330 
f 566//329 567//331 557//328 
f 565//327 566//329 558//326 
f 564//325 565//327 559//324 
o mesh59
f 587//368 522//368 552//369 
f 588//369 552//369 547//370 
f 589//370 547//370 544//371 
f 590//371 544//371 563//372 
f 563//372 591//372 590//371 
f 544//371 590//371 589//370 
f 547//370 589//370 588//369 
f 552//369 588//369 587//368 
o mesh60
f 592//373 593//373 522//373 
f 593//373 521//373 522//373 
f 522//373 587//373 592//373 
o mesh61
f 593//374 592//374 594//374 
f 594//374 595//374 593//374 
o mesh62
f 595//375 594//375 596//375 
f 596//375 597//375 595//375 
o mesh63
f 597//376 596//376 598//376 
f 598//376 599//376 597//376 
o mesh64
f 599//377 598//377 600//377 
f 600//377 601//377 599//377 
o mesh65
f 602//378 603//379 604//379 
f 605//380 602//378 606//381 
f 607//382 605//380 608//383 
f 609//384 607//382 610//385 
f 611//386 609//384 612//387 
f 611//386 613//386 614//388 
f 614//388 615//389 611//386 
f 616//390 615//389 617//389 
f 618//391 616//390 619//390 
f 620//392 618//391 621//391 
f 622//393 620//392 623//392 
f 624//394 622//393 625//393 
f 626//395 624//394 627//394 
f 628//396 626//395 629//395 
f 630//397 628//396 631//396 
f 632//398 630//397 633//397 
f 600//399 632//398 634//398 
f 634//398 601//399 600//399 
f 633//397 634//398 632//398 
f 631//396 633//397 630//397 
f 629//395 631//396 628//396 
f 627//394 629//395 626//395 
f 625//393 627//394 624//394 
f 623//392 625//393 622//393 
f 621//391 623//392 620//392 
f 619//390 621//391 618//391 
f 617//389 619//390 616//390 
f 614//388 617//389 615//389 
f 612//387 613//386 611//386 
f 610//385 612//387 609//384 
f 608//383 610//385 607//382 
f 606//381 608//383 605//380 
f 604//379 606//381 602//378 
o mesh66
f 604//400 603//400 635//400 
f 635//400 636//400 604//400 
o mesh67
f 636//401 635//401 637//401 
f 637//401 638//401 636//401 
o mesh68
f 639//402 628//402 630//402 
f 640//402 641//402 603//402 
f 630//402 632//402 642//402 
f 630//402 643//402 639//402 
f 626//402 628//402 644//402 
f 624//402 626//402 645//402 
f 622//402 624//402 646//402 
f 647//402 620//402 622//402 
f 648//402 618//402 620//402 
f 602//402 649//402 640//402 
f 603//402 641//402 637//402 
f 639//402 644//402 628//402 
f 645//402 646//402 624//402 
f 622//402 650//402 647//402 
f 620//402 647//402 648//402 
f 605//402 651//402 649//402 
f 637//402 635//402 603//402 
f 644//402 645//402 626//402 
f 648//402 652//402 618//402 
f 607//402 653//402 651//402 
f 603//402 602//402 640//402 
f 589//402 596//402 594//402 
f 646//402 650//402 622//402 
f 616//402 618//402 652//402 
f 654//402 615//402 616//402 
f 615//402 654//402 655//402 
f 656//402 657//402 609//402 
f 657//402 653//402 607//402 
f 649//402 602//402 605//402 
f 589//402 590//402 596//402 
f 652//402 658//402 616//402 
f 655//402 611//402 615//402 
f 611//402 655//402 656//402 
f 651//402 605//402 607//402 
f 592//402 588//402 589//402 
f 591//402 642//402 598//402 
f 616//402 658//402 654//402 
f 607//402 609//402 657//402 
f 592//402 587//402 588//402 
f 596//402 590//402 591//402 
f 632//402 600//402 598//402 
f 609//402 611//402 656//402 
f 598//402 596//402 591//402 
f 642//402 643//402 630//402 
f 598//402 642//402 632//402 
f 594//402 592//402 589//402 
o mesh69
f 637//403 641//403 659//403 
f 659//403 638//403 637//403 
f 659//403 660//403 638//403 
o mesh70
f 563//404 586//404 661//404 
f 642//404 591//404 563//404 
f 563//404 662//404 642//404 
f 661//404 662//404 563//404 
o mesh71
f 663//405 662//406 661//406 
f 664//407 663//405 665//408 
f 666//409 664//407 667//410 
f 668//411 666//409 669//412 
f 670//413 668//411 671//414 
f 672//415 670//413 673//416 
f 674//417 672//415 675//418 
f 676//419 674//417 677//420 
f 678//421 676//419 679//422 
f 680//423 678//421 681//424 
f 682//425 680//423 683//426 
f 684//427 682//425 685//428 
f 686//429 684//427 687//430 
f 688//431 686//429 689//432 
f 689//432 690//431 688//431 
f 687//430 689//432 686//429 
f 685//428 687//430 684//427 
f 683//426 685//428 682//425 
f 681//424 683//426 680//423 
f 679//422 681//424 678//421 
f 677//420 679//422 676//419 
f 675//418 677//420 674//417 
f 673//416 675//418 672//415 
f 671//414 673//416 670//413 
f 669//412 671//414 668//411 
f 667//410 669//412 666//409 
f 665//408 667//410 664//407 
f 661//406 665//408 663//405 
o mesh72
f 670//433 672//433 691//433 
f 672//433 674//433 692//433 
f 691//433 693//433 670//433 
f 692//433 694//433 672//433 
f 691//433 695//433 693//433 
f 674//433 676//433 696//433 
f 694//433 697//433 672//433 
f 695//433 698//433 693//433 
f 680//433 699//433 700//433 
f 680//433 701//433 702//433 
f 676//433 678//433 703//433 
f 696//433 704//433 674//433 
f 698//433 705//433 693//433 
f 670//433 693//433 706//433 
f 686//433 688//433 707//433 
f 682//433 708//433 701//433 
f 702//433 699//433 680//433 
f 678//433 700//433 703//433 
f 704//433 709//433 674//433 
f 706//433 668//433 670//433 
f 710//433 662//433 663//433 
f 711//433 684//433 686//433 
f 682//433 684//433 711//433 
f 682//433 712//433 708//433 
f 682//433 713//433 714//433 
f 703//433 696//433 676//433 
f 697//433 691//433 672//433 
f 668//433 706//433 710//433 
f 663//433 664//433 710//433 
f 711//433 713//433 682//433 
f 714//433 712//433 682//433 
f 709//433 692//433 674//433 
f 664//433 666//433 710//433 
f 701//433 680//433 682//433 
f 710//433 666//433 668//433 
f 700//433 678//433 680//433 
f 707//433 711//433 686//433 
o mesh73
f 714//434 713//435 715//435 
f 712//436 714//434 716//437 
f 708//438 712//436 717//439 
f 701//440 708//438 718//441 
f 702//442 701//440 719//443 
f 699//444 702//442 720//445 
f 700//446 699//444 721//447 
f 699//444 722//448 721//447 
f 703//449 700//446 723//450 
f 696//451 703//449 724//452 
f 704//453 696//451 725//454 
f 709//455 704//453 726//456 
f 692//457 709//455 727//458 
f 694//459 692//457 728//460 
f 697//461 694//459 729//462 
f 691//463 697//461 730//464 
f 695//465 691//463 731//466 
f 698//467 695//465 732//468 
f 705//469 698//467 733//470 
f 733//470 734//469 705//469 
f 732//468 733//470 698//467 
f 731//466 732//468 695//465 
f 730//464 731//466 691//463 
f 729//462 730//464 697//461 
f 728//460 729//462 694//459 
f 727//458 728//460 692//457 
f 726//456 727//458 709//455 
f 725//454 726//456 704//453 
f 724//452 725//454 696//451 
f 723//450 724//452 703//449 
f 721//447 723//450 700//446 
f 720//445 722//448 699//444 
f 719//443 720//445 702//442 
f 718//441 719//443 701//440 
f 717//439 718//441 708//438 
f 716//437 717//439 712//436 
f 715//435 716//437 714//434 
o mesh74
f 735//471 516//472 515//472 
f 736//473 735//471 737//474 
f 738//475 736//473 739//476 
f 740//477 738//475 741//478 
f 742//479 740//477 743//480 
f 744//481 742//479 745//482 
f 746//483 744//481 747//484 
f 748//485 746//483 749//486 
f 750//487 748//485 751//488 
f 752//489 750//487 753//490 
f 754//491 752//489 755//492 
f 756//493 754//491 757//494 
f 758//495 756//493 759//496 
f 760//497 758//495 761//498 
f 762//499 760//497 763//500 
f 764//501 762//499 765//502 
f 766//503 764//501 767//504 
f 768//505 766//503 769//506 
f 770//507 768//505 771//508 
f 772//509 770//507 773//510 
f 772//509 774//509 775//511 
f 775//511 776//512 772//509 
f 777//513 776//512 778//512 
f 779//514 777//513 780//513 
f 781//515 779//514 782//514 
f 783//516 781//515 784//515 
f 659//517 783//516 785//516 
f 785//516 660//517 659//517 
f 784//515 785//516 783//516 
f 782//514 784//515 781//515 
f 780//513 782//514 779//514 
f 778//512 780//513 777//513 
f 775//511 778//512 776//512 
f 773//510 774//509 772//509 
f 771//508 773//510 770//507 
f 769//506 771//508 768//505 
f 767//504 769//506 766//503 
f 765//502 767//504 764//501 
f 763//500 765//502 762//499 
f 761//498 763//500 760//497 
f 759//496 761//498 758//495 
f 757//494 759//496 756//493 
f 755//492 757//494 754//491 
f 753//490 755//492 752//489 
f 751//488 753//490 750//487 
f 749//486 751//488 748//485 
f 747//484 749//486 746//483 
f 745//482 747//484 744//481 
f 743//480 745//482 742//479 
f 741//478 743//480 740//477 
f 739//476 741//478 738//475 
f 737//474 739//476 736//473 
f 515//472 737//474 735//471 
o mesh75
f 786//518 750//518 752//518 
f 786//518 748//518 750//518 
f 786//518 787//518 788//518 
f 786//518 746//518 748//518 
f 788//518 738//518 740//518 
f 786//518 744//518 746//518 
f 786//518 740//518 742//518 
f 789//518 754//518 756//518 
f 788//518 736//518 738//518 
f 788//518 516//518 735//518 
f 742//518 744//518 786//518 
f 789//518 752//518 754//518 
f 790//518 758//518 760//518 
f 791//518 792//518 776//518 
f 793//518 794//518 795//518 
f 787//518 793//518 796//518 
f 735//518 736//518 788//518 
f 756//518 790//518 789//518 
f 790//518 756//518 758//518 
f 764//518 797//518 798//518 
f 799//518 797//518 766//518 
f 776//518 800//518 791//518 
f 795//518 796//518 793//518 
f 788//518 740//518 786//518 
f 760//518 801//518 790//518 
f 798//518 762//518 764//518 
f 766//518 768//518 799//518 
f 776//518 777//518 800//518 
f 794//518 802//518 795//518 
f 752//518 789//518 786//518 
f 801//518 760//518 762//518 
f 768//518 770//518 799//518 
f 792//518 799//518 770//518 
f 800//518 781//518 783//518 
f 777//518 779//518 800//518 
f 796//518 788//518 787//518 
f 764//518 766//518 797//518 
f 770//518 772//518 792//518 
f 779//518 781//518 800//518 
f 803//518 804//518 805//518 
f 762//518 798//518 801//518 
f 783//518 659//518 800//518 
f 791//518 800//518 803//518 
f 805//518 806//518 803//518 
f 772//518 776//518 792//518 
f 806//518 807//518 803//518 
f 804//518 808//518 809//518 
f 803//518 807//518 791//518 
f 804//518 803//518 808//518 
f 809//518 810//518 804//518 
f 802//518 811//518 795//518 
o mesh76
f 804//519 810//520 812//520 
f 805//521 804//519 813//522 
f 806//523 805//521 814//524 
f 807//525 806//523 815//526 
f 791//527 807//525 816//528 
f 792//529 791//527 817//530 
f 799//531 792//529 818//532 
f 797//533 799//531 819//534 
f 798//535 797//533 820//536 
f 801//537 798//535 821//538 
f 790//539 801//537 822//540 
f 789//541 790//539 823//542 
f 786//543 789//541 824//544 
f 787//545 786//543 825//546 
f 793//547 787//545 826//548 
f 794//549 793//547 827//550 
f 802//551 794//549 828//552 
f 811//553 802//551 829//554 
f 829//554 830//553 811//553 
f 828//552 829//554 802//551 
f 827//550 828//552 794//549 
f 826//548 827//550 793//547 
f 825//546 826//548 787//545 
f 824//544 825//546 786//543 
f 823//542 824//544 789//541 
f 822//540 823//542 790//539 
f 821//538 822//540 801//537 
f 820//536 821//538 798//535 
f 819//534 820//536 797//533 
f 818//532 819//534 799//531 
f 817//530 818//532 792//529 
f 816//528 817//530 791//527 
f 815//526 816//528 807//525 
f 814//524 815//526 806//523 
f 813//522 814//524 805//521 
f 812//520 813//522 804//519 
o mesh77
f 778//555 613//555 612//555 
f 778//555 614//555 613//555 
f 780//555 612//555 610//555 
f 610//555 782//555 780//555 
f 782//555 610//555 608//555 
f 784//555 608//555 606//555 
f 606//555 604//555 660//555 
f 608//555 784//555 782//555 
f 660//555 785//555 606//555 
f 614//555 778//555 775//555 
f 606//555 785//555 784//555 
f 612//555 780//555 778//555 
f 604//555 636//555 638//555 
f 638//555 660//555 604//555 
f 503//555 514//555 500//555 
f 529//555 512//555 511//555 
f 380//555 368//555 367//555 
f 380//555 373//555 372//555 
f 380//555 375//555 374//555 
f 380//555 377//555 376//555 
f 380//555 366//555 378//555 
f 380//555 369//555 368//555 
f 380//555 371//555 370//555 
f 374//555 373//555 380//555 
f 378//555 377//555 380//555 
f 370//555 369//555 380//555 
f 376//555 375//555 380//555 
f 538//555 393//555 392//555 
f 372//555 371//555 380//555 
f 538//555 357//555 356//555 
f 531//555 352//555 353//555 
f 392//555 391//555 538//555 
f 538//555 354//555 395//555 
f 354//555 398//555 397//555 
f 380//555 354//555 366//555 
f 356//555 355//555 538//555 
f 538//555 359//555 358//555 
f 538//555 364//555 363//555 
f 353//555 538//555 531//555 
f 538//555 394//555 393//555 
f 354//555 396//555 395//555 
f 354//555 399//555 398//555 
f 367//555 379//555 380//555 
f 358//555 357//555 538//555 
f 538//555 361//555 360//555 
f 363//555 362//555 538//555 
f 353//555 365//555 538//555 
f 395//555 394//555 538//555 
f 380//555 399//555 354//555 
f 360//555 359//555 538//555 
f 365//555 364//555 538//555 
f 397//555 396//555 354//555 
f 362//555 361//555 538//555 
f 355//555 354//555 538//555 
f 531//555 348//555 351//555 
f 351//555 352//555 531//555 
f 351//555 348//555 349//555 
f 349//555 350//555 351//555 
f 537//555 458//555 457//555 
f 537//555 404//555 403//555 
f 537//555 407//555 406//555 
f 537//555 409//555 408//555 
f 537//555 536//555 412//555 
f 437//555 538//555 385//555 
f 537//555 459//555 458//555 
f 537//555 467//555 466//555 
f 402//555 471//555 470//555 
f 537//555 405//555 404//555 
f 408//555 407//555 537//555 
f 536//555 413//555 412//555 
f 536//555 416//555 415//555 
f 538//555 437//555 436//555 
f 385//555 384//555 437//555 
f 538//555 388//555 387//555 
f 538//555 390//555 389//555 
f 537//555 460//555 459//555 
f 537//555 462//555 461//555 
f 466//555 465//555 537//555 
f 537//555 469//555 468//555 
f 470//555 537//555 402//555 
f 402//555 401//555 472//555 
f 406//555 405//555 537//555 
f 537//555 411//555 410//555 
f 536//555 414//555 413//555 
f 536//555 417//555 416//555 
f 538//555 432//555 431//555 
f 436//555 435//555 538//555 
f 538//555 386//555 385//555 
f 389//555 388//555 538//555 
f 461//555 460//555 537//555 
f 537//555 464//555 463//555 
f 468//555 467//555 537//555 
f 472//555 471//555 402//555 
f 410//555 409//555 537//555 
f 415//555 414//555 536//555 
f 538//555 428//555 427//555 
f 538//555 433//555 432//555 
f 435//555 434//555 538//555 
f 437//555 383//555 382//555 
f 387//555 386//555 538//555 
f 401//555 400//555 475//555 
f 463//555 462//555 537//555 
f 470//555 469//555 537//555 
f 412//555 411//555 537//555 
f 536//555 419//555 418//555 
f 538//555 429//555 428//555 
f 434//555 433//555 538//555 
f 384//555 383//555 437//555 
f 475//555 474//555 401//555 
f 465//555 464//555 537//555 
f 418//555 417//555 536//555 
f 536//555 424//555 423//555 
f 538//555 430//555 429//555 
f 382//555 381//555 437//555 
f 474//555 473//555 401//555 
f 457//555 456//555 537//555 
f 536//555 420//555 419//555 
f 536//555 422//555 421//555 
f 536//555 425//555 424//555 
f 431//555 430//555 538//555 
f 456//555 455//555 537//555 
f 421//555 420//555 536//555 
f 536//555 426//555 425//555 
f 427//555 536//555 538//555 
f 403//555 402//555 537//555 
f 427//555 426//555 536//555 
f 423//555 422//555 536//555 
f 534//555 535//555 442//555 
f 535//555 443//555 442//555 
f 535//555 445//555 444//555 
f 534//555 441//555 440//555 
f 444//555 443//555 535//555 
f 442//555 441//555 534//555 
f 535//555 447//555 446//555 
f 535//555 450//555 449//555 
f 446//555 445//555 535//555 
f 449//555 448//555 535//555 
f 535//555 453//555 452//555 
f 448//555 447//555 535//555 
f 452//555 451//555 535//555 
f 535//555 537//555 455//555 
f 451//555 450//555 535//555 
f 455//555 454//555 535//555 
f 454//555 453//555 535//555 
f 826//555 743//555 741//555 
f 741//555 502//555 826//555 
f 741//555 739//555 502//555 
f 739//555 737//555 502//555 
f 826//555 825//555 751//555 
f 824//555 823//555 759//555 
f 825//555 824//555 755//555 
f 502//555 737//555 515//555 
f 826//555 745//555 743//555 
f 751//555 749//555 826//555 
f 823//555 822//555 763//555 
f 759//555 757//555 824//555 
f 755//555 753//555 825//555 
f 515//555 503//555 502//555 
f 749//555 747//555 826//555 
f 763//555 761//555 823//555 
f 753//555 751//555 825//555 
f 826//555 747//555 745//555 
f 819//555 771//555 769//555 
f 767//555 765//555 821//555 
f 757//555 755//555 824//555 
f 502//555 827//555 826//555 
f 499//555 831//555 832//555 
f 499//555 919//555 833//555 
f 819//555 773//555 771//555 
f 820//555 769//555 767//555 
f 515//555 514//555 503//555 
f 502//555 829//555 828//555 
f 833//555 831//555 499//555 
f 818//555 775//555 774//555 
f 821//555 820//555 767//555 
f 822//555 821//555 765//555 
f 828//555 827//555 502//555 
f 919//555 834//555 833//555 
f 919//555 835//555 836//555 
f 775//555 815//555 814//555 
f 774//555 819//555 818//555 
f 765//555 763//555 822//555 
f 502//555 830//555 829//555 
f 499//555 837//555 838//555 
f 836//555 834//555 919//555 
f 775//555 816//555 815//555 
f 774//555 773//555 819//555 
f 761//555 759//555 823//555 
f 499//555 839//555 840//555 
f 832//555 837//555 499//555 
f 919//555 841//555 842//555 
f 775//555 817//555 816//555 
f 769//555 820//555 819//555 
f 838//555 839//555 499//555 
f 919//555 843//555 841//555 
f 775//555 813//555 812//555 
f 818//555 817//555 775//555 
f 534//555 438//555 476//555 
f 842//555 835//555 919//555 
f 919//555 844//555 845//555 
f 830//555 502//555 506//555 
f 814//555 813//555 775//555 
f 529//555 151//555 508//555 
f 530//555 158//555 151//555 
f 476//555 156//555 158//555 
f 534//555 439//555 438//555 
f 499//555 846//555 847//555 
f 845//555 843//555 919//555 
f 919//555 812//555 848//555 
f 812//555 919//555 775//555 
f 151//555 529//555 530//555 
f 476//555 530//555 534//555 
f 477//555 847//555 507//555 
f 508//555 151//555 154//555 
f 840//555 846//555 499//555 
f 506//555 507//555 830//555 
f 512//555 529//555 509//555 
f 158//555 530//555 476//555 
f 477//555 154//555 156//555 
f 154//555 477//555 508//555 
f 848//555 844//555 919//555 
f 507//555 849//555 850//555 
f 507//555 847//555 851//555 
f 508//555 509//555 529//555 
f 507//555 508//555 477//555 
f 847//555 478//555 499//555 
f 851//555 849//555 507//555 
f 156//555 476//555 477//555 
f 850//555 830//555 507//555 
f 847//555 477//555 478//555 
f 504//555 505//555 506//555 
f 506//555 502//555 504//555 
f 673//555 732//555 731//555 
f 675//555 729//555 728//555 
f 673//555 733//555 732//555 
f 675//555 730//555 729//555 
f 570//555 569//555 480//555 
f 479//555 578//555 577//555 
f 633//555 667//555 665//555 
f 673//555 734//555 733//555 
f 675//555 731//555 730//555 
f 677//555 726//555 725//555 
f 679//555 725//555 724//555 
f 480//555 479//555 570//555 
f 479//555 573//555 572//555 
f 479//555 575//555 574//555 
f 577//555 576//555 479//555 
f 479//555 597//555 579//555 
f 597//555 582//555 581//555 
f 665//555 634//555 633//555 
f 634//555 665//555 599//555 
f 728//555 677//555 675//555 
f 677//555 727//555 726//555 
f 724//555 681//555 679//555 
f 481//555 565//555 564//555 
f 567//555 566//555 481//555 
f 569//555 568//555 480//555 
f 572//555 571//555 479//555 
f 576//555 575//555 479//555 
f 597//555 580//555 579//555 
f 597//555 583//555 582//555 
f 599//555 601//555 634//555 
f 731//555 675//555 673//555 
f 677//555 728//555 727//555 
f 724//555 723//555 681//555 
f 481//555 566//555 565//555 
f 568//555 567//555 480//555 
f 574//555 573//555 479//555 
f 581//555 580//555 597//555 
f 631//555 669//555 667//555 
f 734//555 671//555 669//555 
f 725//555 679//555 677//555 
f 721//555 683//555 681//555 
f 721//555 690//555 689//555 
f 481//555 480//555 567//555 
f 579//555 578//555 479//555 
f 597//555 586//555 585//555 
f 669//555 631//555 734//555 
f 723//555 721//555 681//555 
f 689//555 687//555 721//555 
f 852//555 853//555 485//555 
f 852//555 484//555 483//555 
f 854//555 483//555 482//555 
f 571//555 570//555 479//555 
f 585//555 584//555 597//555 
f 673//555 671//555 734//555 
f 687//555 685//555 721//555 
f 625//555 855//555 856//555 
f 627//555 856//555 857//555 
f 629//555 857//555 734//555 
f 485//555 484//555 852//555 
f 482//555 564//555 854//555 
f 584//555 583//555 597//555 
f 586//555 597//555 599//555 
f 685//555 683//555 721//555 
f 856//555 627//555 625//555 
f 734//555 631//555 629//555 
f 919//555 858//555 621//555 
f 858//555 855//555 623//555 
f 483//555 854//555 852//555 
f 599//555 661//555 586//555 
f 721//555 485//555 690//555 
f 857//555 629//555 627//555 
f 919//555 619//555 617//555 
f 623//555 621//555 858//555 
f 564//555 482//555 481//555 
f 597//555 521//555 593//555 
f 625//555 623//555 855//555 
f 621//555 619//555 919//555 
f 599//555 665//555 661//555 
f 593//555 595//555 597//555 
f 617//555 614//555 919//555 
f 597//555 479//555 521//555 
f 853//555 690//555 485//555 
f 859//555 860//555 861//555 
f 862//555 494//555 493//555 
f 863//555 864//555 865//555 
f 866//555 867//555 868//555 
f 869//555 870//555 871//555 
f 861//555 872//555 859//555 
f 859//555 873//555 874//555 
f 875//555 494//555 876//555 
f 493//555 877//555 862//555 
f 863//555 878//555 864//555 
f 866//555 879//555 867//555 
f 871//555 868//555 869//555 
f 873//555 870//555 880//555 
f 874//555 860//555 859//555 
f 881//555 859//555 882//555 
f 494//555 883//555 876//555 
f 862//555 884//555 494//555 
f 885//555 863//555 886//555 
f 863//555 885//555 878//555 
f 887//555 888//555 889//555 
f 890//555 891//555 879//555 
f 869//555 880//555 870//555 
f 880//555 892//555 873//555 
f 882//555 875//555 881//555 
f 884//555 883//555 494//555 
f 865//555 887//555 863//555 
f 887//555 865//555 888//555 
f 890//555 889//555 891//555 
f 892//555 874//555 873//555 
f 876//555 881//555 875//555 
f 885//555 893//555 894//555 
f 886//555 895//555 885//555 
f 879//555 866//555 890//555 
f 872//555 882//555 859//555 
f 499//555 896//555 897//555 
f 895//555 893//555 885//555 
f 868//555 871//555 866//555 
f 919//555 898//555 885//555 
f 499//555 899//555 900//555 
f 499//555 901//555 896//555 
f 889//555 890//555 887//555 
f 493//555 492//555 902//555 
f 919//555 903//555 898//555 
f 492//555 491//555 904//555 
f 491//555 490//555 905//555 
f 490//555 489//555 906//555 
f 718//555 717//555 487//555 
f 719//555 718//555 486//555 
f 919//555 907//555 908//555 
f 499//555 909//555 899//555 
f 499//555 910//555 901//555 
f 496//555 911//555 912//555 
f 495//555 913//555 911//555 
f 495//555 494//555 875//555 
f 902//555 877//555 493//555 
f 919//555 914//555 903//555 
f 905//555 904//555 491//555 
f 489//555 715//555 906//555 
f 486//555 485//555 719//555 
f 485//555 722//555 720//555 
f 919//555 915//555 916//555 
f 908//555 917//555 919//555 
f 897//555 909//555 499//555 
f 912//555 498//555 497//555 
f 875//555 913//555 495//555 
f 885//555 858//555 919//555 
f 906//555 905//555 490//555 
f 488//555 716//555 715//555 
f 487//555 486//555 718//555 
f 485//555 721//555 722//555 
f 917//555 915//555 919//555 
f 900//555 919//555 499//555 
f 911//555 496//555 495//555 
f 904//555 902//555 492//555 
f 715//555 489//555 488//555 
f 720//555 719//555 485//555 
f 900//555 907//555 919//555 
f 894//555 858//555 885//555 
f 717//555 716//555 487//555 
f 916//555 918//555 919//555 
f 910//555 499//555 498//555 
f 488//555 487//555 716//555 
f 498//555 912//555 910//555 
f 918//555 914//555 919//555 
f 912//555 497//555 496//555 
f 633//555 631//555 667//555 
f 509//555 510//555 512//555 
f 440//555 439//555 534//555 
f 473//555 472//555 401//555 
f 391//555 390//555 538//555 
f 511//555 513//555 529//555 
f 500//555 501//555 503//555 
f 775//555 919//555 614//555 
o mesh78
f 920//556 921//557 847//557 
f 922//558 920//556 846//559 
f 923//560 922//558 840//561 
f 924//562 923//560 839//563 
f 925//564 924//562 838//565 
f 926//566 925//564 837//567 
f 927//568 926//566 832//569 
f 928//570 927//568 831//571 
f 929//572 928//570 833//573 
f 930//574 929//572 834//575 
f 931//576 930//574 836//577 
f 932//578 931//576 835//579 
f 933//580 932//578 842//581 
f 934//582 933//580 841//583 
f 935//584 934//582 843//585 
f 936//586 935//584 845//587 
f 845//587 844//586 936//586 
f 843//585 845//587 935//584 
f 841//583 843//585 934//582 
f 842//581 841//583 933//580 
f 835//579 842//581 932//578 
f 836//577 835//579 931//576 
f 834//575 836//577 930//574 
f 833//573 834//575 929//572 
f 831//571 833//573 928//570 
f 832//569 831//571 927//568 
f 837//567 832//569 926//566 
f 838//565 837//567 925//564 
f 839//563 838//565 924//562 
f 840//561 839//563 923//560 
f 846//559 840//561 922//558 
f 847//557 846//559 920//556 
o mesh79
f 926//588 927//588 937//588 
f 925//588 938//588 939//588 
f 925//588 926//588 940//588 
f 941//588 927//588 928//588 
f 937//588 942//588 926//588 
f 940//588 938//588 925//588 
f 931//588 943//588 944//588 
f 930//588 945//588 946//588 
f 929//588 947//588 948//588 
f 928//588 948//588 941//588 
f 939//588 949//588 925//588 
f 931//588 950//588 943//588 
f 930//588 944//588 945//588 
f 929//588 946//588 947//588 
f 942//588 940//588 926//588 
f 931//588 932//588 951//588 
f 946//588 929//588 930//588 
f 941//588 937//588 927//588 
f 925//588 949//588 952//588 
f 924//588 952//588 953//588 
f 922//588 953//588 954//588 
f 932//588 933//588 955//588 
f 951//588 950//588 931//588 
f 948//588 928//588 929//588 
f 953//588 923//588 924//588 
f 954//588 921//588 920//588 
f 951//588 956//588 950//588 
f 952//588 924//588 925//588 
f 954//588 920//588 922//588 
f 935//588 936//588 957//588 
f 955//588 951//588 932//588 
f 922//588 923//588 953//588 
f 955//588 934//588 935//588 
f 944//588 930//588 931//588 
f 933//588 934//588 955//588 
f 957//588 955//588 935//588 
o mesh80
f 950//589 956//590 914//590 
f 943//591 950//589 918//592 
f 944//593 943//591 916//594 
f 945//595 944//593 915//596 
f 946//597 945//595 917//598 
f 947//599 946//597 908//600 
f 948//601 947//599 907//602 
f 941//603 948//601 900//604 
f 937//605 941//603 899//606 
f 942//607 937//605 909//608 
f 940//609 942//607 897//610 
f 938//611 940//609 896//612 
f 939//613 938//611 901//614 
f 949//615 939//613 910//616 
f 910//616 912//615 949//615 
f 901//614 910//616 939//613 
f 896//612 901//614 938//611 
f 897//610 896//612 940//609 
f 909//608 897//610 942//607 
f 899//606 909//608 937//605 
f 900//604 899//606 941//603 
f 907//602 900//604 948//601 
f 908//600 907//602 947//599 
f 917//598 908//600 946//597 
f 915//596 917//598 945//595 
f 916//594 915//596 944//593 
f 918//592 916//594 943//591 
f 914//590 918//592 950//589 
o mesh81
f 189//617 191//618 850//618 
f 190//619 189//617 849//620 
f 188//621 178//622 911//622 
f 184//623 186//624 904//624 
f 181//625 184//623 905//626 
f 195//627 220//628 853//628 
f 173//629 195//627 852//630 
f 173//629 854//629 517//631 
f 854//629 564//631 517//631 
f 167//632 200//633 516//633 
f 161//634 167//632 788//635 
f 179//636 161//634 796//637 
f 850//618 191//618 811//638 
f 179//636 795//639 811//638 
f 811//638 191//618 179//636 
f 224//640 190//619 921//641 
f 851//642 847//641 921//641 
f 921//641 190//619 851//642 
f 166//643 224//640 954//644 
f 164//645 166//643 953//646 
f 911//622 178//622 949//647 
f 164//645 952//648 949//647 
f 949//647 178//622 164//645 
f 199//649 188//621 958//650 
f 913//651 875//650 958//650 
f 958//650 188//621 913//651 
f 198//652 199//649 959//653 
f 904//624 186//624 960//654 
f 198//652 961//655 960//654 
f 960//654 186//624 198//652 
f 182//656 181//625 713//657 
f 906//658 715//657 713//657 
f 713//657 181//625 906//658 
f 222//659 182//656 711//660 
f 853//628 220//628 688//661 
f 222//659 707//662 688//661 
f 688//661 220//628 222//659 
f 688//661 690//661 853//628 
f 711//660 707//662 222//659 
f 713//657 711//660 182//656 
f 960//654 902//663 904//624 
f 959//653 961//655 198//652 
f 958//650 959//653 199//649 
f 949//647 912//664 911//622 
f 953//646 952//648 164//645 
f 954//644 953//646 166//643 
f 921//641 954//644 224//640 
f 811//638 830//665 850//618 
f 796//637 795//639 179//636 
f 788//635 796//637 161//634 
f 516//633 788//635 167//632 
f 517//631 174//666 173//629 
f 852//630 854//629 173//629 
f 853//628 852//630 195//627 
f 905//626 906//658 181//625 
f 904//624 905//626 184//623 
f 911//622 913//651 188//621 
f 849//620 851//642 190//619 
f 850//618 849//620 189//617 
o mesh82
f 645//667 857//667 856//668 
f 652//669 898//669 903//670 
f 642//671 662//671 710//672 
f 643//672 710//672 706//673 
f 639//673 706//673 693//674 
f 857//667 645//667 705//675 
f 644//674 693//674 705//675 
f 705//675 645//667 644//674 
f 650//676 646//677 962//678 
f 856//668 855//678 962//678 
f 962//678 646//677 856//668 
f 650//676 963//679 964//680 
f 647//680 964//680 965//681 
f 898//669 652//669 966//682 
f 648//681 965//681 966//682 
f 966//682 652//669 648//681 
f 654//683 658//684 956//685 
f 903//670 914//685 956//685 
f 956//685 658//684 903//670 
f 654//683 951//686 955//687 
f 655//687 955//687 957//688 
f 848//689 657//689 936//690 
f 656//691 957//688 936//690 
f 936//690 657//689 656//691 
f 653//692 657//689 810//693 
f 848//689 812//693 810//693 
f 810//693 657//689 848//689 
f 653//692 809//692 808//694 
f 651//694 808//694 803//695 
f 649//695 803//695 800//696 
f 640//696 800//696 659//697 
f 659//697 641//697 640//696 
f 800//696 640//696 649//695 
f 803//695 649//695 651//694 
f 808//694 651//694 653//692 
f 810//693 809//692 653//692 
f 936//690 844//698 848//689 
f 957//688 656//691 655//687 
f 955//687 655//687 654//683 
f 956//685 951//686 654//683 
f 966//682 885//699 898//669 
f 965//681 648//681 647//680 
f 964//680 647//680 650//676 
f 962//678 963//679 650//676 
f 705//675 734//700 857//667 
f 693//674 644//674 639//673 
f 706//673 639//673 643//672 
f 710//672 643//672 642//671 
f 903//670 658//684 652//669 
f 856//668 646//677 645//667 
o mesh83
f 961//701 967//701 968//701 
f 969//701 970//701 971//701 
f 972//701 973//701 974//701 
f 961//701 975//701 967//701 
f 976//701 975//701 961//701 
f 969//701 977//701 959//701 
f 969//701 978//701 979//701 
f 969//701 980//701 970//701 
f 981//701 982//701 983//701 
f 984//701 983//701 982//701 
f 974//701 965//701 972//701 
f 968//701 985//701 961//701 
f 959//701 977//701 976//701 
f 959//701 958//701 980//701 
f 971//701 978//701 969//701 
f 986//701 987//701 988//701 
f 989//701 988//701 981//701 
f 982//701 990//701 984//701 
f 974//701 991//701 965//701 
f 972//701 965//701 964//701 
f 961//701 959//701 976//701 
f 979//701 986//701 969//701 
f 986//701 979//701 987//701 
f 990//701 992//701 984//701 
f 993//701 984//701 992//701 
f 973//701 993//701 994//701 
f 991//701 995//701 965//701 
f 964//701 996//701 997//701 
f 959//701 980//701 969//701 
f 983//701 989//701 981//701 
f 992//701 998//701 993//701 
f 994//701 999//701 973//701 
f 964//701 997//701 972//701 
f 996//701 964//701 963//701 
f 988//701 989//701 986//701 
f 999//701 974//701 973//701 
f 963//701 1000//701 996//701 
f 963//701 962//701 1001//701 
f 998//701 994//701 993//701 
f 1001//701 1000//701 963//701 
f 995//701 966//701 965//701 
f 985//701 960//701 961//701 
o mesh84
f 980//702 958//703 875//703 
f 970//704 980//702 882//705 
f 971//706 970//704 872//707 
f 978//708 971//706 861//709 
f 979//710 978//708 860//711 
f 987//712 979//710 874//713 
f 988//714 987//712 892//715 
f 981//716 988//714 880//717 
f 982//718 981//716 869//719 
f 990//720 982//718 868//721 
f 992//722 990//720 867//723 
f 998//724 992//722 879//725 
f 994//726 998//724 891//727 
f 999//728 994//726 889//729 
f 974//730 999//728 888//731 
f 991//732 974//730 865//733 
f 995//734 991//732 864//735 
f 966//736 995//734 878//737 
f 878//737 885//736 966//736 
f 864//735 878//737 995//734 
f 865//733 864//735 991//732 
f 888//731 865//733 974//730 
f 889//729 888//731 999//728 
f 891//727 889//729 994//726 
f 879//725 891//727 998//724 
f 867//723 879//725 992//722 
f 868//721 867//723 990//720 
f 869//719 868//721 982//718 
f 880//717 869//719 981//716 
f 892//715 880//717 988//714 
f 874//713 892//715 987//712 
f 860//711 874//713 979//710 
f 861//709 860//711 978//708 
f 872//707 861//709 971//706 
f 882//705 872//707 970//704 
f 875//703 882//705 980//702 
o mesh85
f 1001//738 962//739 858//740 
f 962//739 855//739 858//740 
f 1000//741 1001//738 894//742 
f 996//743 1000//741 893//744 
f 997//745 996//743 895//746 
f 972//747 997//745 886//748 
f 973//749 972//747 863//750 
f 993//751 973//749 887//752 
f 984//753 993//751 890//754 
f 983//755 984//753 866//756 
f 989//757 983//755 871//758 
f 986//759 989//757 870//760 
f 969//761 986//759 873//762 
f 977//763 969//761 859//764 
f 976//765 977//763 881//766 
f 975//767 976//765 876//768 
f 967//769 975//767 883//770 
f 968//771 967//769 884//772 
f 985//773 968//771 862//774 
f 960//775 985//773 877//776 
f 877//776 902//775 960//775 
f 862//774 877//776 985//773 
f 884//772 862//774 968//771 
f 883//770 884//772 967//769 
f 876//768 883//770 975//767 
f 881//766 876//768 976//765 
f 859//764 881//766 977//763 
f 873//762 859//764 969//761 
f 870//760 873//762 986//759 
f 871//758 870//760 989//757 
f 866//756 871//758 983//755 
f 890//754 866//756 984//753 
f 887//752 890//754 993//751 
f 863//750 887//752 973//749 
f 886//748 863//750 972//747 
f 895//746 886//748 997//745 
f 893//744 895//746 996//743 
f 894//742 893//744 1000//741 
f 858//740 894//742 1001//738 
g Part 2
v -0.197332 -0.261946 0.078 
v -0.197332 -0.261946 0 
v -0.208971 -0.261946 0 
v -0.208971 -0.261946 0.078 
v -0.208971 -0.321472 0 
v -0.208971 -0.321472 0.078 
v -0.197332 -0.321472 0 
v -0.197332 -0.321472 0.078 
vn 0 1 0 
vn -1 0 0 
vn 0 -1 0 
vn 1 0 0 
vn 0 0 -1 
vn 0 0 1 
usemtl 0.647059_0.647059_0.647059_0.000000_0.000000
o mesh86
f 1002//777 1003//777 1004//777 
f 1004//777 1005//777 1002//777 
o mesh87
f 1005//778 1004//778 1006//778 
f 1006//778 1007//778 1005//778 
o mesh88
f 1007//779 1006//779 1008//779 
f 1008//779 1009//779 1007//779 
o mesh89
f 1009//780 1008//780 1003//780 
f 1003//780 1002//780 1009//780 
o mesh90
f 1006//781 1004//781 1003//781 
f 1003//781 1008//781 1006//781 
o mesh91
f 1009//782 1002//782 1005//782 
f 1005//782 1007//782 1009//782 
g Part 3
v -0.236905 -0.261946 0.078 
v -0.236905 -0.261946 0 
v -0.249875 -0.261946 0 
v -0.249875 -0.261946 0.078 
v -0.249875 -0.34209 0 
v -0.249875 -0.34209 0.078 
v -0.236905 -0.34209 0 
v -0.236905 -0.34209 0.078 
vn 0 1 0 
vn -1 0 0 
vn 0 -1 0 
vn 1 0 0 
vn 0 0 -1 
vn 0 0 1 
usemtl 0.231373_0.380392_0.705882_0.000000_0.000000
o mesh92
f 1010//783 1011//783 1012//783 
f 1012//783 1013//783 1010//783 
o mesh93
f 1013//784 1012//784 1014//784 
f 1014//784 1015//784 1013//784 
o mesh94
f 1015//785 1014//785 1016//785 
f 1016//785 1017//785 1015//785 
o mesh95
f 1017//786 1016//786 1011//786 
f 1011//786 1010//786 1017//786 
o mesh96
f 1014//787 1012//787 1011//787 
f 1011//787 1016//787 1014//787 
o mesh97
f 1017//788 1010//788 1013//788 
f 1013//788 1015//788 1017//788 
g Part 4
v 0.207705 -0.261946 0.078 
v 0.207705 -0.261946 0 
v 0.194343 -0.261946 0 
v 0.194343 -0.261946 0.078 
v 0.194343 -0.370841 0 
v 0.194343 -0.370841 0.078 
v 0.207705 -0.370841 0 
v 0.207705 -0.370841 0.078 
vn 0 1 0 
vn -1 0 0 
vn 0 -1 0 
vn 1 0 0 
vn 0 0 -1 
vn 0 0 1 
usemtl 0.768627_0.886275_0.952941_0.000000_0.000000
o mesh98
f 1018//789 1019//789 1020//789 
f 1020//789 1021//789 1018//789 
o mesh99
f 1021//790 1020//790 1022//790 
f 1022//790 1023//790 1021//790 
o mesh100
f 1023//791 1022//791 1024//791 
f 1024//791 1025//791 1023//791 
o mesh101
f 1025//792 1024//792 1019//792 
f 1019//792 1018//792 1025//792 
o mesh102
f 1022//793 1020//793 1019//793 
f 1019//793 1024//793 1022//793 
o mesh103
f 1025//794 1018//794 1021//794 
f 1021//794 1023//794 1025//794 
g Part 5
v -0.164341 0.037927 0.078 
v -0.164341 0.037927 0 
v -0.120048 0.0592822 0 
v -0.120048 0.0592822 0.078 
v -0.120839 0.0838012 0 
v -0.120839 0.0838012 0.078 
v -0.119569 0.0830356 0.078 
v -0.119569 0.0830356 0 
v -0.118386 0.0821412 0.078 
v -0.118386 0.0821412 0 
v -0.117302 0.0811278 0.078 
v -0.117302 0.0811278 0 
v -0.116331 0.0800067 0.078 
v -0.116331 0.0800067 0 
v -0.115483 0.07879 0.078 
v -0.115483 0.07879 0 
v -0.114766 0.0774912 0.078 
v -0.114766 0.0774912 0 
v -0.11419 0.0761246 0.078 
v -0.11419 0.0761246 0 
v -0.113759 0.0747051 0.078 
v -0.113759 0.0747051 0 
v -0.11348 0.0732484 0.078 
v -0.11348 0.0732484 0 
v -0.113354 0.0717704 0.078 
v -0.113354 0.0717704 0 
v -0.113384 0.0702874 0.078 
v -0.113384 0.0702874 0 
v -0.113569 0.0688157 0.078 
v -0.113569 0.0688157 0 
v -0.113907 0.0673714 0.078 
v -0.113907 0.0673714 0 
v -0.114395 0.0659705 0.078 
v -0.114395 0.0659705 0 
v -0.115026 0.0646282 0.078 
v -0.115026 0.0646282 0 
v -0.115794 0.0633594 0.078 
v -0.115794 0.0633594 0 
v -0.116691 0.062178 0.078 
v -0.116691 0.062178 0 
v -0.117707 0.061097 0.078 
v -0.117707 0.061097 0 
v -0.11883 0.0601282 0.078 
v -0.11883 0.0601282 0 
v -0.215752 0.134421 0 
v -0.215752 0.134421 0.078 
v -0.229587 0.218017 0 
v -0.228149 0.230159 0 
v -0.228149 0.230159 0.078 
v -0.230166 0.205805 0 
v -0.229587 0.218017 0.078 
v -0.229884 0.193583 0 
v -0.230166 0.205805 0.078 
v -0.228742 0.18141 0 
v -0.229884 0.193583 0.078 
v -0.226746 0.169349 0 
v -0.228742 0.18141 0.078 
v -0.223905 0.157457 0 
v -0.226746 0.169349 0.078 
v -0.220234 0.145795 0 
v -0.223905 0.157457 0.078 
v -0.220234 0.145795 0.078 
v -0.230533 0.236142 0 
v -0.233629 0.238241 0 
v -0.232774 0.237845 0 
v -0.236378 0.238846 0 
v -0.235442 0.238744 0 
v -0.231967 0.23736 0 
v -0.234522 0.238542 0 
v -0.239177 0.238542 0 
v -0.238257 0.238744 0 
v -0.241732 0.23736 0 
v -0.240924 0.237845 0 
v -0.24007 0.238241 0 
v -0.242482 0.23679 0 
v -0.174697 0.0186403 0 
v -0.178233 0.0198524 0 
v -0.179301 0.0205028 0 
v -0.175917 0.0189156 0 
v -0.1771 0.0193212 0 
v -0.180292 0.0212649 0 
v -0.172204 0.0184918 0 
v -0.173455 0.0184985 0 
v -0.169737 0.0188828 0 
v -0.17096 0.0186205 0 
v -0.23732 0.238846 0 
v -0.164425 0.0220409 0 
v -0.165338 0.0211856 0 
v -0.162311 0.025123 0 
v -0.162903 0.0240212 0 
v -0.16284 0.0359306 0 
v -0.16226 0.0348226 0 
v -0.243775 0.235424 0 
v -0.229923 0.235424 0 
v -0.229394 0.234644 0 
v -0.243166 0.236142 0 
v -0.167412 0.019795 0 
v -0.16855 0.0192759 0 
v -0.166337 0.0204341 0 
v -0.16361 0.0229898 0 
v -0.161803 0.0336583 0 
v -0.161475 0.0324515 0 
v -0.163536 0.0369695 0 
v -0.200271 0.0431277 0 
v -0.248637 0.159546 0 
v -0.24979 0.173691 0 
v -0.250056 0.187879 0 
v -0.161279 0.0312163 0 
v -0.208789 0.0544788 0 
v -0.228953 0.233812 0 
v -0.228604 0.232937 0 
v -0.231217 0.23679 0 
v -0.244745 0.233812 0 
v -0.244304 0.234644 0 
v -0.245346 0.232029 0 
v -0.245094 0.232937 0 
v -0.239929 0.117929 0 
v -0.243697 0.131611 0 
v -0.246604 0.145501 0 
v -0.249436 0.202057 0 
v -0.247932 0.216169 0 
v -0.161501 0.0274856 0 
v -0.161842 0.0262824 0 
v -0.161218 0.0299671 0 
v -0.161292 0.0287187 0 
v -0.235313 0.104509 0 
v -0.21658 0.0663397 0 
v -0.228352 0.232029 0 
v -0.2282 0.231099 0 
v -0.245549 0.230159 0 
v -0.245498 0.231099 0 
v -0.229869 0.0914038 0 
v -0.223616 0.0786641 0 
v -0.181196 0.0221298 0 
v -0.191062 0.0323306 0 
v -0.230533 0.236142 0.078 
v -0.24007 0.238241 0.078 
v -0.240924 0.237845 0.078 
v -0.23732 0.238846 0.078 
v -0.238257 0.238744 0.078 
v -0.241732 0.23736 0.078 
v -0.239177 0.238542 0.078 
v -0.234522 0.238542 0.078 
v -0.235442 0.238744 0.078 
v -0.231967 0.23736 0.078 
v -0.232774 0.237845 0.078 
v -0.233629 0.238241 0.078 
v -0.231217 0.23679 0.078 
v -0.236378 0.238846 0.078 
v -0.242482 0.23679 0.078 
v -0.243166 0.236142 0.078 
v -0.243775 0.235424 0.078 
v -0.228953 0.233812 0.078 
v -0.229394 0.234644 0.078 
v -0.250056 0.187879 0.078 
v -0.24979 0.173691 0.078 
v -0.229923 0.235424 0.078 
v -0.181196 0.0221298 0.078 
v -0.172204 0.0184918 0.078 
v -0.17096 0.0186205 0.078 
v -0.174697 0.0186403 0.078 
v -0.173455 0.0184985 0.078 
v -0.1771 0.0193212 0.078 
v -0.175917 0.0189156 0.078 
v -0.248637 0.159546 0.078 
v -0.246604 0.145501 0.078 
v -0.243697 0.131611 0.078 
v -0.244745 0.233812 0.078 
v -0.245094 0.232937 0.078 
v -0.244304 0.234644 0.078 
v -0.228352 0.232029 0.078 
v -0.228604 0.232937 0.078 
v -0.208789 0.0544788 0.078 
v -0.200271 0.0431277 0.078 
v -0.161803 0.0336583 0.078 
v -0.16226 0.0348226 0.078 
v -0.16361 0.0229898 0.078 
v -0.162903 0.0240212 0.078 
v -0.166337 0.0204341 0.078 
v -0.165338 0.0211856 0.078 
v -0.169737 0.0188828 0.078 
v -0.16855 0.0192759 0.078 
v -0.178233 0.0198524 0.078 
v -0.180292 0.0212649 0.078 
v -0.179301 0.0205028 0.078 
v -0.247932 0.216169 0.078 
v -0.249436 0.202057 0.078 
v -0.239929 0.117929 0.078 
v -0.2282 0.231099 0.078 
v -0.21658 0.0663397 0.078 
v -0.16284 0.0359306 0.078 
v -0.161279 0.0312163 0.078 
v -0.161475 0.0324515 0.078 
v -0.164425 0.0220409 0.078 
v -0.167412 0.019795 0.078 
v -0.245346 0.232029 0.078 
v -0.223616 0.0786641 0.078 
v -0.235313 0.104509 0.078 
v -0.163536 0.0369695 0.078 
v -0.161218 0.0299671 0.078 
v -0.245549 0.230159 0.078 
v -0.229869 0.0914038 0.078 
v -0.161501 0.0274856 0.078 
v -0.161292 0.0287187 0.078 
v -0.162311 0.025123 0.078 
v -0.161842 0.0262824 0.078 
v -0.245498 0.231099 0.078 
v -0.191062 0.0323306 0.078 
vn 0.434299 -0.900769 0 
vn 0.470588 0.882353 0 
vn 0.560357 0.828251 0 
vn 0.64397 0.765051 0 
vn 0.720508 0.693446 0 
vn 0.789132 0.614224 0 
vn 0.849086 0.528254 0 
vn 0.899713 0.436481 0 
vn 0.940457 0.339913 0 
vn 0.970869 0.239611 0 
vn 0.990616 0.136677 0 
vn 0.99948 0.0322414 0 
vn 0.997365 -0.0725484 0 
vn 0.984293 -0.176541 0 
vn 0.960409 -0.278595 0 
vn 0.925974 -0.377588 0 
vn 0.881367 -0.472433 0 
vn 0.827077 -0.562088 0 
vn 0.763702 -0.645568 0 
vn 0.691938 -0.721957 0 
vn 0.612572 -0.790415 0 
vn 0.526477 -0.850189 0 
vn 0.470588 0.882353 0 
vn 0.996588 -0.0825425 0 
vn 0.988302 -0.15251 0 
vn 0.999926 -0.0121652 0 
vn 0.996588 -0.0825425 0 
vn 0.998301 0.0582726 0 
vn 0.999926 -0.0121652 0 
vn 0.99172 0.128421 0 
vn 0.998301 0.0582726 0 
vn 0.980216 0.197932 0 
vn 0.99172 0.128421 0 
vn 0.963846 0.26646 0 
vn 0.980216 0.197932 0 
vn 0.942691 0.333666 0 
vn 0.963846 0.26646 0 
vn 0.916857 0.399215 0 
vn 0.942691 0.333666 0 
vn 0 0 -1 
vn 0 0 1 
vn -1 0 0 
vn -0.994138 0.108119 0 
vn -0.976621 0.21497 0 
vn -0.947653 0.319302 0 
vn -0.907575 0.419889 0 
vn -0.856857 0.515554 0 
vn -0.796093 0.605174 0 
vn -0.725995 0.687699 0 
vn -0.647386 0.762162 0 
vn -0.561187 0.827689 0 
vn -0.468408 0.883512 0 
vn -0.370138 0.928977 0 
vn -0.267528 0.96355 0 
vn -0.161782 0.986827 0 
vn -0.0541389 0.998533 0 
vn 0.0541389 0.998533 0 
vn 0.161782 0.986827 0 
vn 0.267528 0.96355 0 
vn 0.370138 0.928977 0 
vn 0.468408 0.883512 0 
vn 0.561187 0.827689 0 
vn 0.647386 0.762162 0 
vn 0.725995 0.687699 0 
vn 0.796093 0.605174 0 
vn 0.856857 0.515554 0 
vn 0.907575 0.419889 0 
vn 0.947653 0.319302 0 
vn 0.976621 0.21497 0 
vn 0.994138 0.108119 0 
vn 1 1.22465e-16 0 
vn -0.696736 -0.717328 0 
vn -0.740175 -0.672415 0 
vn -0.780724 -0.624876 0 
vn -0.818225 -0.574898 0 
vn -0.852532 -0.522676 0 
vn -0.88351 -0.468412 0 
vn -0.911039 -0.41232 0 
vn -0.935011 -0.354619 0 
vn -0.955333 -0.295533 0 
vn -0.971925 -0.235293 0 
vn -0.984722 -0.174134 0 
vn -0.993675 -0.112295 0 
vn -0.998748 -0.0500186 0 
vn -0.999922 0.0124536 0 
vn -0.997193 0.0748771 0 
vn -0.99057 0.137008 0 
vn -0.98008 0.198605 0 
vn 0.729632 0.68384 0 
vn 0.799291 0.600944 0 
vn 0.859579 0.511003 0 
vn 0.909789 0.41507 0 
vn 0.949333 0.314271 0 
vn 0.977747 0.209788 0 
vn 0.994697 0.102845 0 
vn 0.999986 -0.00530322 0 
vn 0.993551 -0.11339 0 
vn 0.975467 -0.220147 0 
vn 0.945947 -0.324323 0 
vn 0.905336 -0.424696 0 
vn 0.854111 -0.520091 0 
vn 0.792872 -0.609388 0 
vn 0.722338 -0.69154 0 
vn 0.643335 -0.765585 0 
vn 0.55679 -0.830653 0 
vn 0.463716 -0.885984 0 
vn 0.365206 -0.930927 0 
vn 0.262415 -0.964955 0 
vn 0.156546 -0.987671 0 
vn 0.0488427 -0.998806 0 
vn -0.0594336 -0.998232 0 
vn -0.167013 -0.985955 0 
vn -0.272634 -0.962118 0 
vn -0.37506 -0.927001 0 
vn -0.473087 -0.881016 0 
vn -0.565569 -0.824701 0 
vn -0.651419 -0.758718 0 
vn -0.729632 -0.68384 0 
usemtl 0.972549_0.529412_0.003922_0.000000_0.000000
o mesh104
f 1026//795 1027//795 1028//795 
f 1028//795 1029//795 1026//795 
o mesh105
f 1030//796 1031//796 1032//797 
f 1033//797 1032//797 1034//798 
f 1035//798 1034//798 1036//799 
f 1037//799 1036//799 1038//800 
f 1039//800 1038//800 1040//801 
f 1041//801 1040//801 1042//802 
f 1043//802 1042//802 1044//803 
f 1045//803 1044//803 1046//804 
f 1047//804 1046//804 1048//805 
f 1049//805 1048//805 1050//806 
f 1051//806 1050//806 1052//807 
f 1053//807 1052//807 1054//808 
f 1055//808 1054//808 1056//809 
f 1057//809 1056//809 1058//810 
f 1059//810 1058//810 1060//811 
f 1061//811 1060//811 1062//812 
f 1063//812 1062//812 1064//813 
f 1065//813 1064//813 1066//814 
f 1067//814 1066//814 1068//815 
f 1069//815 1068//815 1029//816 
f 1029//816 1028//816 1069//815 
f 1068//815 1069//815 1067//814 
f 1066//814 1067//814 1065//813 
f 1064//813 1065//813 1063//812 
f 1062//812 1063//812 1061//811 
f 1060//811 1061//811 1059//810 
f 1058//810 1059//810 1057//809 
f 1056//809 1057//809 1055//808 
f 1054//808 1055//808 1053//807 
f 1052//807 1053//807 1051//806 
f 1050//806 1051//806 1049//805 
f 1048//805 1049//805 1047//804 
f 1046//804 1047//804 1045//803 
f 1044//803 1045//803 1043//802 
f 1042//802 1043//802 1041//801 
f 1040//801 1041//801 1039//800 
f 1038//800 1039//800 1037//799 
f 1036//799 1037//799 1035//798 
f 1034//798 1035//798 1033//797 
f 1032//797 1033//797 1030//796 
o mesh106
f 1031//817 1030//817 1070//817 
f 1070//817 1071//817 1031//817 
o mesh107
f 1072//818 1073//819 1074//819 
f 1075//820 1072//818 1076//821 
f 1077//822 1075//820 1078//823 
f 1079//824 1077//822 1080//825 
f 1081//826 1079//824 1082//827 
f 1083//828 1081//826 1084//829 
f 1085//830 1083//828 1086//831 
f 1070//832 1085//830 1087//833 
f 1087//833 1071//832 1070//832 
f 1086//831 1087//833 1085//830 
f 1084//829 1086//831 1083//828 
f 1082//827 1084//829 1081//826 
f 1080//825 1082//827 1079//824 
f 1078//823 1080//825 1077//822 
f 1076//821 1078//823 1075//820 
f 1074//819 1076//821 1072//818 
o mesh108
f 1088//834 1089//834 1090//834 
f 1088//834 1091//834 1092//834 
f 1090//834 1093//834 1088//834 
f 1092//834 1094//834 1088//834 
f 1088//834 1095//834 1096//834 
f 1088//834 1097//834 1098//834 
f 1049//834 1037//834 1039//834 
f 1094//834 1089//834 1088//834 
f 1088//834 1099//834 1095//834 
f 1088//834 1100//834 1097//834 
f 1101//834 1102//834 1103//834 
f 1101//834 1104//834 1105//834 
f 1106//834 1107//834 1108//834 
f 1106//834 1109//834 1110//834 
f 1043//834 1045//834 1047//834 
f 1039//834 1041//834 1049//834 
f 1088//834 1111//834 1091//834 
f 1098//834 1099//834 1088//834 
f 1105//834 1102//834 1101//834 
f 1110//834 1107//834 1106//834 
f 1106//834 1112//834 1113//834 
f 1106//834 1114//834 1115//834 
f 1106//834 1116//834 1117//834 
f 1037//834 1049//834 1051//834 
f 1041//834 1043//834 1049//834 
f 1118//834 1119//834 1120//834 
f 1096//834 1111//834 1088//834 
f 1088//834 1118//834 1121//834 
f 1108//834 1101//834 1106//834 
f 1106//834 1122//834 1123//834 
f 1113//834 1124//834 1106//834 
f 1115//834 1125//834 1106//834 
f 1106//834 1126//834 1127//834 
f 1106//834 1128//834 1116//834 
f 1030//834 1059//834 1061//834 
f 1047//834 1049//834 1043//834 
f 1053//834 1033//834 1035//834 
f 1030//834 1027//834 1129//834 
f 1118//834 1088//834 1119//834 
f 1121//834 1100//834 1088//834 
f 1081//834 1130//834 1131//834 
f 1132//834 1077//834 1079//834 
f 1123//834 1109//834 1106//834 
f 1125//834 1112//834 1106//834 
f 1127//834 1133//834 1106//834 
f 1106//834 1027//834 1128//834 
f 1030//834 1065//834 1067//834 
f 1061//834 1063//834 1030//834 
f 1030//834 1055//834 1057//834 
f 1035//834 1037//834 1053//834 
f 1129//834 1134//834 1030//834 
f 1118//834 1135//834 1136//834 
f 1093//834 1137//834 1088//834 
f 1073//834 1138//834 1139//834 
f 1073//834 1140//834 1141//834 
f 1070//834 1142//834 1143//834 
f 1085//834 1143//834 1144//834 
f 1083//834 1144//834 1130//834 
f 1079//834 1131//834 1132//834 
f 1145//834 1075//834 1077//834 
f 1146//834 1072//834 1075//834 
f 1124//834 1122//834 1106//834 
f 1106//834 1147//834 1148//834 
f 1106//834 1149//834 1150//834 
f 1117//834 1126//834 1106//834 
f 1030//834 1069//834 1028//834 
f 1063//834 1065//834 1030//834 
f 1030//834 1053//834 1055//834 
f 1053//834 1030//834 1033//834 
f 1070//834 1030//834 1151//834 
f 1134//834 1152//834 1030//834 
f 1118//834 1153//834 1154//834 
f 1120//834 1135//834 1118//834 
f 1141//834 1138//834 1073//834 
f 1073//834 1155//834 1156//834 
f 1144//834 1083//834 1085//834 
f 1131//834 1079//834 1081//834 
f 1075//834 1145//834 1146//834 
f 1155//834 1073//834 1072//834 
f 1148//834 1114//834 1106//834 
f 1133//834 1149//834 1106//834 
f 1067//834 1069//834 1030//834 
f 1051//834 1053//834 1037//834 
f 1030//834 1157//834 1151//834 
f 1152//834 1158//834 1030//834 
f 1136//834 1153//834 1118//834 
f 1156//834 1140//834 1073//834 
f 1130//834 1081//834 1083//834 
f 1072//834 1146//834 1155//834 
f 1150//834 1147//834 1106//834 
f 1057//834 1059//834 1030//834 
f 1158//834 1157//834 1030//834 
f 1139//834 1118//834 1073//834 
f 1077//834 1132//834 1145//834 
f 1027//834 1159//834 1160//834 
f 1103//834 1106//834 1101//834 
f 1151//834 1142//834 1070//834 
f 1143//834 1085//834 1070//834 
f 1106//834 1159//834 1027//834 
f 1154//834 1073//834 1118//834 
f 1028//834 1027//834 1030//834 
f 1160//834 1129//834 1027//834 
o mesh109
f 1161//835 1162//835 1163//835 
f 1161//835 1164//835 1165//835 
f 1163//835 1166//835 1161//835 
f 1165//835 1167//835 1161//835 
f 1161//835 1168//835 1169//835 
f 1161//835 1170//835 1171//835 
f 1167//835 1162//835 1161//835 
f 1161//835 1172//835 1168//835 
f 1161//835 1173//835 1170//835 
f 1048//835 1040//835 1038//835 
f 1161//835 1174//835 1164//835 
f 1171//835 1172//835 1161//835 
f 1048//835 1042//835 1040//835 
f 1042//835 1048//835 1046//835 
f 1161//835 1175//835 1176//835 
f 1169//835 1174//835 1161//835 
f 1177//835 1178//835 1179//835 
f 1046//835 1044//835 1042//835 
f 1036//835 1052//835 1050//835 
f 1180//835 1181//835 1082//835 
f 1084//835 1082//835 1181//835 
f 1166//835 1175//835 1161//835 
f 1179//835 1182//835 1177//835 
f 1052//835 1036//835 1034//835 
f 1050//835 1048//835 1036//835 
f 1183//835 1184//835 1185//835 
f 1183//835 1186//835 1187//835 
f 1183//835 1188//835 1189//835 
f 1181//835 1190//835 1084//835 
f 1086//835 1084//835 1190//835 
f 1087//835 1086//835 1191//835 
f 1071//835 1087//835 1192//835 
f 1074//835 1193//835 1194//835 
f 1074//835 1177//835 1195//835 
f 1182//835 1161//835 1177//835 
f 1177//835 1196//835 1197//835 
f 1031//835 1198//835 1199//835 
f 1038//835 1036//835 1048//835 
f 1031//835 1058//835 1056//835 
f 1031//835 1062//835 1060//835 
f 1183//835 1200//835 1201//835 
f 1183//835 1202//835 1203//835 
f 1183//835 1204//835 1205//835 
f 1183//835 1206//835 1207//835 
f 1187//835 1184//835 1183//835 
f 1183//835 1208//835 1188//835 
f 1183//835 1209//835 1210//835 
f 1211//835 1212//835 1078//835 
f 1212//835 1180//835 1080//835 
f 1190//835 1191//835 1086//835 
f 1192//835 1213//835 1071//835 
f 1195//835 1193//835 1074//835 
f 1197//835 1178//835 1177//835 
f 1177//835 1074//835 1214//835 
f 1031//835 1215//835 1198//835 
f 1034//835 1032//835 1052//835 
f 1056//835 1054//835 1031//835 
f 1031//835 1064//835 1062//835 
f 1031//835 1068//835 1066//835 
f 1201//835 1216//835 1183//835 
f 1183//835 1217//835 1218//835 
f 1183//835 1219//835 1202//835 
f 1183//835 1220//835 1204//835 
f 1185//835 1206//835 1183//835 
f 1210//835 1208//835 1183//835 
f 1080//835 1078//835 1212//835 
f 1191//835 1192//835 1087//835 
f 1194//835 1221//835 1074//835 
f 1214//835 1196//835 1177//835 
f 1031//835 1222//835 1215//835 
f 1071//835 1213//835 1223//835 
f 1054//835 1052//835 1031//835 
f 1066//835 1064//835 1031//835 
f 1216//835 1224//835 1183//835 
f 1183//835 1225//835 1217//835 
f 1205//835 1219//835 1183//835 
f 1189//835 1186//835 1183//835 
f 1226//835 1211//835 1076//835 
f 1082//835 1080//835 1180//835 
f 1176//835 1177//835 1161//835 
f 1031//835 1227//835 1222//835 
f 1223//835 1031//835 1071//835 
f 1060//835 1058//835 1031//835 
f 1031//835 1026//835 1029//835 
f 1218//835 1200//835 1183//835 
f 1183//835 1228//835 1229//835 
f 1183//835 1230//835 1231//835 
f 1207//835 1220//835 1183//835 
f 1078//835 1076//835 1211//835 
f 1221//835 1232//835 1074//835 
f 1223//835 1227//835 1031//835 
f 1029//835 1068//835 1031//835 
f 1229//835 1225//835 1183//835 
f 1203//835 1230//835 1183//835 
f 1232//835 1226//835 1074//835 
f 1032//835 1031//835 1052//835 
f 1231//835 1228//835 1183//835 
f 1026//835 1199//835 1233//835 
f 1199//835 1026//835 1031//835 
f 1233//835 1183//835 1026//835 
f 1224//835 1026//835 1183//835 
f 1076//835 1074//835 1226//835 
o mesh110
f 1155//836 1226//836 1232//837 
f 1156//837 1232//837 1221//838 
f 1140//838 1221//838 1194//839 
f 1141//839 1194//839 1193//840 
f 1138//840 1193//840 1195//841 
f 1139//841 1195//841 1177//842 
f 1118//842 1177//842 1176//843 
f 1121//843 1176//843 1175//844 
f 1100//844 1175//844 1166//845 
f 1097//845 1166//845 1163//846 
f 1098//846 1163//846 1162//847 
f 1099//847 1162//847 1167//848 
f 1095//848 1167//848 1165//849 
f 1096//849 1165//849 1164//850 
f 1111//850 1164//850 1174//851 
f 1091//851 1174//851 1169//852 
f 1092//852 1169//852 1168//853 
f 1094//853 1168//853 1172//854 
f 1089//854 1172//854 1171//855 
f 1090//855 1171//855 1170//856 
f 1093//856 1170//856 1173//857 
f 1137//857 1173//857 1161//858 
f 1088//858 1161//858 1182//859 
f 1119//859 1182//859 1179//860 
f 1120//860 1179//860 1178//861 
f 1135//861 1178//861 1197//862 
f 1136//862 1197//862 1196//863 
f 1153//863 1196//863 1214//864 
f 1154//864 1214//864 1074//865 
f 1074//865 1073//865 1154//864 
f 1214//864 1154//864 1153//863 
f 1196//863 1153//863 1136//862 
f 1197//862 1136//862 1135//861 
f 1178//861 1135//861 1120//860 
f 1179//860 1120//860 1119//859 
f 1182//859 1119//859 1088//858 
f 1161//858 1088//858 1137//857 
f 1173//857 1137//857 1093//856 
f 1170//856 1093//856 1090//855 
f 1171//855 1090//855 1089//854 
f 1172//854 1089//854 1094//853 
f 1168//853 1094//853 1092//852 
f 1169//852 1092//852 1091//851 
f 1174//851 1091//851 1111//850 
f 1164//850 1111//850 1096//849 
f 1165//849 1096//849 1095//848 
f 1167//848 1095//848 1099//847 
f 1162//847 1099//847 1098//846 
f 1163//846 1098//846 1097//845 
f 1166//845 1097//845 1100//844 
f 1175//844 1100//844 1121//843 
f 1176//843 1121//843 1118//842 
f 1177//842 1118//842 1139//841 
f 1195//841 1139//841 1138//840 
f 1193//840 1138//840 1141//839 
f 1194//839 1141//839 1140//838 
f 1221//838 1140//838 1156//837 
f 1232//837 1156//837 1155//836 
o mesh111
f 1159//866 1183//866 1233//867 
f 1160//867 1233//867 1199//868 
f 1129//868 1199//868 1198//869 
f 1134//869 1198//869 1215//870 
f 1152//870 1215//870 1222//871 
f 1158//871 1222//871 1227//872 
f 1157//872 1227//872 1223//873 
f 1151//873 1223//873 1213//874 
f 1142//874 1213//874 1192//875 
f 1143//875 1192//875 1191//876 
f 1144//876 1191//876 1190//877 
f 1130//877 1190//877 1181//878 
f 1131//878 1181//878 1180//879 
f 1132//879 1180//879 1212//880 
f 1145//880 1212//880 1211//881 
f 1146//881 1211//881 1226//882 
f 1226//882 1155//882 1146//881 
f 1211//881 1146//881 1145//880 
f 1212//880 1145//880 1132//879 
f 1180//879 1132//879 1131//878 
f 1181//878 1131//878 1130//877 
f 1190//877 1130//877 1144//876 
f 1191//876 1144//876 1143//875 
f 1192//875 1143//875 1142//874 
f 1213//874 1142//874 1151//873 
f 1223//873 1151//873 1157//872 
f 1227//872 1157//872 1158//871 
f 1222//871 1158//871 1152//870 
f 1215//870 1152//870 1134//869 
f 1198//869 1134//869 1129//868 
f 1199//868 1129//868 1160//867 
f 1233//867 1160//867 1159//866 
o mesh112
f 1027//883 1026//883 1224//884 
f 1128//884 1224//884 1216//885 
f 1116//885 1216//885 1201//886 
f 1117//886 1201//886 1200//887 
f 1126//887 1200//887 1218//888 
f 1127//888 1218//888 1217//889 
f 1133//889 1217//889 1225//890 
f 1149//890 1225//890 1229//891 
f 1150//891 1229//891 1228//892 
f 1147//892 1228//892 1231//893 
f 1148//893 1231//893 1230//894 
f 1114//894 1230//894 1203//895 
f 1115//895 1203//895 1202//896 
f 1125//896 1202//896 1219//897 
f 1112//897 1219//897 1205//898 
f 1113//898 1205//898 1204//899 
f 1124//899 1204//899 1220//900 
f 1122//900 1220//900 1207//901 
f 1123//901 1207//901 1206//902 
f 1109//902 1206//902 1185//903 
f 1110//903 1185//903 1184//904 
f 1107//904 1184//904 1187//905 
f 1108//905 1187//905 1186//906 
f 1101//906 1186//906 1189//907 
f 1104//907 1189//907 1188//908 
f 1105//908 1188//908 1208//909 
f 1102//909 1208//909 1210//910 
f 1103//910 1210//910 1209//911 
f 1106//911 1209//911 1183//912 
f 1183//912 1159//912 1106//911 
f 1209//911 1106//911 1103//910 
f 1210//910 1103//910 1102//909 
f 1208//909 1102//909 1105//908 
f 1188//908 1105//908 1104//907 
f 1189//907 1104//907 1101//906 
f 1186//906 1101//906 1108//905 
f 1187//905 1108//905 1107//904 
f 1184//904 1107//904 1110//903 
f 1185//903 1110//903 1109//902 
f 1206//902 1109//902 1123//901 
f 1207//901 1123//901 1122//900 
f 1220//900 1122//900 1124//899 
f 1204//899 1124//899 1113//898 
f 1205//898 1113//898 1112//897 
f 1219//897 1112//897 1125//896 
f 1202//896 1125//896 1115//895 
f 1203//895 1115//895 1114//894 
f 1230//894 1114//894 1148//893 
f 1231//893 1148//893 1147//892 
f 1228//892 1147//892 1150//891 
f 1229//891 1150//891 1149//890 
f 1225//890 1149//890 1133//889 
f 1217//889 1133//889 1127//888 
f 1218//888 1127//888 1126//887 
f 1200//887 1126//887 1117//886 
f 1201//886 1117//886 1116//885 
f 1216//885 1116//885 1128//884 
f 1224//884 1128//884 1027//883 
g Part 6
v -0.0319758 0.145922 0.078 
v -0.0319758 0.145922 0 
v -0.0521447 0.132871 0 
v -0.0521447 0.132871 0.078 
v -0.0501673 0.11468 0 
v -0.0501673 0.11468 0.078 
v 0.019435 0.0877877 0 
v 0.019435 0.0877877 0.078 
v 0.0324855 0.0980699 0 
v 0.0324855 0.0980699 0.078 
v -0.0156612 0.105948 0 
v -0.0126017 0.104946 0 
v 0.0120052 0.109191 0 
v 0.00330741 0.105079 0 
v 0.00634977 0.106132 0 
v -0.00302871 0.103986 0 
v 0.000168986 0.10436 0 
v -0.00945168 0.10428 0 
v -0.00624818 0.103959 0 
v -0.0185944 0.107276 0 
v -0.0239461 0.11084 0 
v -0.0213669 0.108913 0 
v -0.0284067 0.115471 0 
v -0.0263019 0.113034 0 
v 0.0092604 0.107508 0 
v 0.0145519 0.111161 0 
v 0.0168708 0.113395 0 
v -0.0339779 0.139811 0 
v -0.0344722 0.13663 0 
v -0.0302356 0.11812 0 
v -0.0338712 0.127028 0 
v -0.032984 0.123933 0 
v -0.0344186 0.130201 0 
v -0.0331425 0.142921 0 
v -0.0317674 0.120952 0 
v -0.0346197 0.133414 0 
v 0.0189345 0.115866 0 
v 0.020719 0.118545 0 
v 0.0324855 0.115866 0 
v 0.0222033 0.121402 0 
v -0.0126017 0.104946 0.078 
v -0.0156612 0.105948 0.078 
v -0.0239461 0.11084 0.078 
v -0.0263019 0.113034 0.078 
v -0.0185944 0.107276 0.078 
v -0.0213669 0.108913 0.078 
v -0.00945168 0.10428 0.078 
v 0.00330741 0.105079 0.078 
v 0.000168986 0.10436 0.078 
v 0.0092604 0.107508 0.078 
v 0.00634977 0.106132 0.078 
v 0.0145519 0.111161 0.078 
v 0.0120052 0.109191 0.078 
v -0.00302871 0.103986 0.078 
v -0.00624818 0.103959 0.078 
v -0.0346197 0.133414 0.078 
v -0.0344722 0.13663 0.078 
v -0.0284067 0.115471 0.078 
v 0.0189345 0.115866 0.078 
v 0.0168708 0.113395 0.078 
v -0.0339779 0.139811 0.078 
v -0.0338712 0.127028 0.078 
v -0.0317674 0.120952 0.078 
v -0.032984 0.123933 0.078 
v -0.0331425 0.142921 0.078 
v -0.0344186 0.130201 0.078 
v -0.0302356 0.11812 0.078 
v 0.0324855 0.115866 0.078 
v 0.020719 0.118545 0.078 
v 0.0222033 0.121402 0.078 
vn -0.543251 0.83957 0 
vn -0.994144 -0.108059 0 
vn -0.360399 -0.932798 0 
vn 0.618872 -0.785492 0 
vn 0 0 -1 
vn 0 0 1 
vn 1 0 0 
vn 0.4741 0.880471 0 
vn 0.950285 -0.311381 0 
vn 0.911048 -0.412299 0 
vn 0.978381 -0.206812 0 
vn 0.950285 -0.311381 0 
vn 0.995006 -0.0998177 0 
vn 0.978381 -0.206812 0 
vn 0.999965 0.0083465 0 
vn 0.995006 -0.0998177 0 
vn 0.993201 0.116413 0 
vn 0.999965 0.0083465 0 
vn 0.974792 0.223114 0 
vn 0.993201 0.116413 0 
vn 0.944955 0.3272 0 
vn 0.974792 0.223114 0 
vn 0.904039 0.42745 0 
vn 0.944955 0.3272 0 
vn 0.852524 0.522688 0 
vn 0.904039 0.42745 0 
vn 0.791014 0.611798 0 
vn 0.852524 0.522688 0 
vn 0.72023 0.693735 0 
vn 0.791014 0.611798 0 
vn 0.641002 0.767539 0 
vn 0.72023 0.693735 0 
vn 0.554259 0.832344 0 
vn 0.641002 0.767539 0 
vn 0.461018 0.887391 0 
vn 0.554259 0.832344 0 
vn 0.362372 0.932034 0 
vn 0.461018 0.887391 0 
vn 0.259477 0.965749 0 
vn 0.362372 0.932034 0 
vn 0.15354 0.988142 0 
vn 0.259477 0.965749 0 
vn 0.0458028 0.998951 0 
vn 0.15354 0.988142 0 
vn -0.0624713 0.998047 0 
vn 0.0458028 0.998951 0 
vn -0.170013 0.985442 0 
vn -0.0624713 0.998047 0 
vn -0.275561 0.961284 0 
vn -0.170013 0.985442 0 
vn -0.377879 0.925855 0 
vn -0.275561 0.961284 0 
vn -0.475766 0.879572 0 
vn -0.377879 0.925855 0 
vn -0.568076 0.822976 0 
vn -0.475766 0.879572 0 
vn -0.653725 0.756732 0 
vn -0.568076 0.822976 0 
vn -0.73171 0.681616 0 
vn -0.653725 0.756732 0 
vn -0.801116 0.598509 0 
vn -0.73171 0.681616 0 
vn -0.86113 0.508384 0 
vn -0.801116 0.598509 0 
vn -0.911048 0.412299 0 
vn -0.86113 0.508384 0 
usemtl 0.498039_0.498039_0.498039_0.000000_0.000000
o mesh113
f 1234//913 1235//913 1236//913 
f 1236//913 1237//913 1234//913 
o mesh114
f 1237//914 1236//914 1238//914 
f 1238//914 1239//914 1237//914 
o mesh115
f 1239//915 1238//915 1240//915 
f 1240//915 1241//915 1239//915 
o mesh116
f 1241//916 1240//916 1242//916 
f 1242//916 1243//916 1241//916 
o mesh117
f 1240//917 1238//917 1244//917 
f 1244//917 1245//917 1240//917 
f 1242//917 1240//917 1246//917 
f 1240//917 1247//917 1248//917 
f 1240//917 1249//917 1250//917 
f 1240//917 1251//917 1252//917 
f 1238//917 1253//917 1244//917 
f 1238//917 1254//917 1255//917 
f 1238//917 1256//917 1257//917 
f 1240//917 1258//917 1246//917 
f 1250//917 1247//917 1240//917 
f 1245//917 1251//917 1240//917 
f 1257//917 1254//917 1238//917 
f 1242//917 1259//917 1260//917 
f 1248//917 1258//917 1240//917 
f 1255//917 1253//917 1238//917 
f 1236//917 1261//917 1262//917 
f 1246//917 1259//917 1242//917 
f 1238//917 1263//917 1256//917 
f 1238//917 1264//917 1265//917 
f 1236//917 1266//917 1264//917 
f 1236//917 1267//917 1261//917 
f 1252//917 1249//917 1240//917 
f 1265//917 1268//917 1238//917 
f 1236//917 1269//917 1266//917 
f 1236//917 1235//917 1267//917 
f 1242//917 1270//917 1271//917 
f 1268//917 1263//917 1238//917 
f 1262//917 1269//917 1236//917 
f 1271//917 1272//917 1242//917 
f 1264//917 1238//917 1236//917 
f 1260//917 1270//917 1242//917 
f 1271//917 1273//917 1272//917 
o mesh118
f 1241//918 1274//918 1275//918 
f 1239//918 1276//918 1277//918 
f 1239//918 1278//918 1279//918 
f 1241//918 1280//918 1274//918 
f 1241//918 1281//918 1282//918 
f 1241//918 1283//918 1284//918 
f 1243//918 1285//918 1286//918 
f 1279//918 1276//918 1239//918 
f 1275//918 1239//918 1241//918 
f 1241//918 1287//918 1288//918 
f 1284//918 1281//918 1241//918 
f 1286//918 1241//918 1243//918 
f 1237//918 1289//918 1290//918 
f 1277//918 1291//918 1239//918 
f 1288//918 1280//918 1241//918 
f 1286//918 1283//918 1241//918 
f 1243//918 1292//918 1293//918 
f 1290//918 1294//918 1237//918 
f 1237//918 1239//918 1295//918 
f 1239//918 1296//918 1297//918 
f 1275//918 1278//918 1239//918 
f 1293//918 1285//918 1243//918 
f 1294//918 1298//918 1237//918 
f 1295//918 1299//918 1237//918 
f 1239//918 1300//918 1296//918 
f 1282//918 1287//918 1241//918 
f 1299//918 1289//918 1237//918 
f 1291//918 1300//918 1239//918 
f 1243//918 1301//918 1302//918 
f 1297//918 1295//918 1239//918 
f 1301//918 1303//918 1302//918 
f 1302//918 1292//918 1243//918 
f 1298//918 1234//918 1237//918 
o mesh119
f 1243//919 1242//919 1272//919 
f 1272//919 1301//919 1243//919 
o mesh120
f 1272//920 1273//920 1303//920 
f 1303//920 1301//920 1272//920 
o mesh121
f 1267//921 1235//922 1234//922 
f 1261//923 1267//921 1298//924 
f 1262//925 1261//923 1294//926 
f 1269//927 1262//925 1290//928 
f 1266//929 1269//927 1289//930 
f 1264//931 1266//929 1299//932 
f 1265//933 1264//931 1295//934 
f 1268//935 1265//933 1297//936 
f 1263//937 1268//935 1296//938 
f 1256//939 1263//937 1300//940 
f 1257//941 1256//939 1291//942 
f 1254//943 1257//941 1277//944 
f 1255//945 1254//943 1276//946 
f 1253//947 1255//945 1279//948 
f 1244//949 1253//947 1278//950 
f 1245//951 1244//949 1275//952 
f 1251//953 1245//951 1274//954 
f 1252//955 1251//953 1280//956 
f 1249//957 1252//955 1288//958 
f 1250//959 1249//957 1287//960 
f 1247//961 1250//959 1282//962 
f 1248//963 1247//961 1281//964 
f 1258//965 1248//963 1284//966 
f 1246//967 1258//965 1283//968 
f 1259//969 1246//967 1286//970 
f 1260//971 1259//969 1285//972 
f 1270//973 1260//971 1293//974 
f 1271//975 1270//973 1292//976 
f 1273//977 1271//975 1302//978 
f 1302//978 1303//977 1273//977 
f 1292//976 1302//978 1271//975 
f 1293//974 1292//976 1270//973 
f 1285//972 1293//974 1260//971 
f 1286//970 1285//972 1259//969 
f 1283//968 1286//970 1246//967 
f 1284//966 1283//968 1258//965 
f 1281//964 1284//966 1248//963 
f 1282//962 1281//964 1247//961 
f 1287//960 1282//962 1250//959 
f 1288//958 1287//960 1249//957 
f 1280//956 1288//958 1252//955 
f 1274//954 1280//956 1251//953 
f 1275//952 1274//954 1245//951 
f 1278//950 1275//952 1244//949 
f 1279//948 1278//950 1253//947 
f 1276//946 1279//948 1255//945 
f 1277//944 1276//946 1254//943 
f 1291//942 1277//944 1257//941 
f 1300//940 1291//942 1256//939 
f 1296//938 1300//940 1263//937 
f 1297//936 1296//938 1268//935 
f 1295//934 1297//936 1265//933 
f 1299//932 1295//934 1264//931 
f 1289//930 1299//932 1266//929 
f 1290//928 1289//930 1269//927 
f 1294//926 1290//928 1262//925 
f 1298//924 1294//926 1261//923 
f 1234//922 1298//924 1267//921 
